"","Kingdom","Phylum","Class","Order","Family","Genus","Species"
"1","k__Fungi","p__Basidiomycota","c__Tremellomycetes","o__Tremellales","f__Bulleribasidiaceae","g__Vishniacozyma","s__victoriae"
"2","k__Fungi","p__Ascomycota","c__Dothideomycetes","o__Capnodiales","f__Cladosporiaceae","g__Cladosporium","s__herbarum"
"3","k__Fungi","p__Basidiomycota","c__Tremellomycetes","o__Tremellales","f__Bulleribasidiaceae","g__Dioszegia","s__patagonica"
"4","k__Fungi","p__Basidiomycota","c__Tremellomycetes","o__Tremellales","f__Bulleribasidiaceae","g__Vishniacozyma","s__victoriae"
"5","k__Fungi","p__Basidiomycota","c__Tremellomycetes","o__Filobasidiales","f__Filobasidiaceae","g__Filobasidium","s__chernovii"
"6","k__Fungi","p__Basidiomycota","c__Tremellomycetes","o__Tremellales","f__Bulleribasidiaceae","g__Vishniacozyma","s__heimaeyensis"
"7","k__Fungi","p__Ascomycota","c__Dothideomycetes","o__Capnodiales","f__Cladosporiaceae","g__Cladosporium",NA
"8","k__Fungi","p__Ascomycota","c__Dothideomycetes","o__Pleosporales","f__Pleosporaceae","g__Alternaria","s__tenuissima"
"9","k__Fungi","p__Ascomycota","c__Dothideomycetes","o__Pleosporales","f__Didymellaceae","g__Didymella",NA
"10","k__Fungi","p__Ascomycota","c__Dothideomycetes","o__Pleosporales","f__Didymellaceae","g__Ascochyta",NA
"11","k__Fungi","p__Ascomycota","c__Dothideomycetes","o__Pleosporales","f__Didymellaceae",NA,NA
"12","k__Fungi","p__Basidiomycota","c__Tremellomycetes","o__Tremellales","f__Bulleribasidiaceae","g__Vishniacozyma","s__heimaeyensis"
"13","k__Fungi",NA,NA,NA,NA,NA,NA
"14","k__Fungi","p__Basidiomycota","c__Tremellomycetes","o__Tremellales","f__Bulleribasidiaceae","g__Vishniacozyma","s__victoriae"
"15","k__Fungi","p__Ascomycota","c__Dothideomycetes","o__Capnodiales","f__Cladosporiaceae","g__Cladosporium","s__cladosporioides"
"16","k__Fungi","p__Ascomycota","c__Taphrinomycetes","o__Taphrinales","f__Protomycetaceae","g__Protomyces","s__inouyei"
"17","k__Fungi","p__Basidiomycota","c__Tremellomycetes","o__Tremellales","f__Bulleribasidiaceae","g__Vishniacozyma","s__dimennae"
"18","k__Fungi","p__Ascomycota","c__Dothideomycetes","o__Pleosporales","f__Melanommataceae","g__Herpotrichia","s__pinetorum"
"19","k__Fungi","p__Ascomycota","c__Dothideomycetes","o__Pleosporales","f__Phaeosphaeriaceae","g__Neostagonospora","s__caricis"
"20","k__Fungi","p__Basidiomycota","c__Tremellomycetes","o__Tremellales","f__Cryptococcaceae","g__Cryptococcus","s__watticus"
"21","k__Fungi","p__Ascomycota","c__Dothideomycetes","o__Pleosporales","f__Pleosporaceae","g__Stemphylium","s__globuliferum"
"22","k__Fungi","p__Ascomycota","c__Sordariomycetes","o__Xylariales","f__Amphisphaeriaceae","g__Microdochium","s__nivale"
"23","k__Fungi","p__Basidiomycota","c__Tremellomycetes","o__Tremellales","f__Cryptococcaceae","g__Cryptococcus","s__festucosus"
"24","k__Fungi","p__Ascomycota","c__Dothideomycetes","o__Pleosporales","f__Pleosporaceae","g__Alternaria","s__leptinellae"
"25","k__Fungi","p__Ascomycota","c__Dothideomycetes","o__Pleosporales","f__Didymellaceae",NA,NA
"26","k__Fungi","p__Ascomycota","c__Dothideomycetes","o__Pleosporales","f__Pleosporaceae","g__Stemphylium","s__vesicarium"
"27","k__Fungi","p__Basidiomycota","c__Tremellomycetes","o__Tremellales","f__Bulleribasidiaceae","g__Vishniacozyma","s__psychrotolerans"
"28","k__Fungi","p__Ascomycota","c__Dothideomycetes","o__Pleosporales","f__Melanommataceae",NA,NA
"29","k__Fungi","p__Basidiomycota","c__Tremellomycetes","o__Tremellales","f__Bulleribasidiaceae","g__Vishniacozyma","s__tephrensis"
"30","k__Fungi","p__Ascomycota","c__Dothideomycetes","o__Pleosporales","f__Pleosporaceae","g__Alternaria","s__subcucurbitae"
"31","k__Fungi","p__Ascomycota","c__Dothideomycetes","o__Pleosporales","f__Phaeosphaeriaceae","g__Paraphoma","s__radicina"
"32","k__Fungi","p__Basidiomycota","c__Tremellomycetes","o__Tremellales","f__Bulleribasidiaceae","g__Vishniacozyma","s__dimennae"
"33","k__Fungi","p__Basidiomycota","c__Cystobasidiomycetes","o__Sakaguchiales","f__Sakaguchiaceae","g__Sakaguchia","s__dacryoidea"
"34","k__Fungi","p__Basidiomycota","c__Agaricomycetes","o__Cantharellales","f__Ceratobasidiaceae","g__Ceratobasidiaceae_gen_Incertae_sedis",NA
"35","k__Fungi","p__Ascomycota","c__Leotiomycetes","o__Erysiphales","f__Erysiphaceae","g__Blumeria","s__graminis"
"36","k__Fungi","p__Ascomycota","c__Dothideomycetes",NA,NA,NA,NA
"37","k__Fungi","p__Ascomycota","c__Dothideomycetes","o__Pleosporales","f__Didymellaceae","g__Didymella",NA
"38","k__Fungi","p__Ascomycota","c__Dothideomycetes","o__Pleosporales","f__Phaeosphaeriaceae","g__Phaeosphaeria","s__tofieldiae"
"39","k__Fungi","p__Ascomycota","c__Leotiomycetes","o__Helotiales","f__Discinellaceae","g__Gyoerffyella",NA
"40","k__Fungi","p__Ascomycota","c__Dothideomycetes","o__Pleosporales","f__Didymellaceae","g__Didymella",NA
"41","k__Fungi","p__Mortierellomycota","c__Mortierellomycetes","o__Mortierellales","f__Mortierellaceae","g__Mortierella",NA
"42","k__Fungi","p__Basidiomycota","c__Agaricomycetes","o__Cantharellales","f__Ceratobasidiaceae",NA,NA
"43","k__Fungi","p__Ascomycota","c__Dothideomycetes","o__Mycosphaerellales","f__Mycosphaerellaceae","g__Ramularia",NA
"44","k__Fungi","p__Basidiomycota","c__Tremellomycetes","o__Tremellales","f__Bulleribasidiaceae","g__Dioszegia","s__patagonica"
"45","k__Fungi","p__Ascomycota","c__Dothideomycetes","o__Mycosphaerellales","f__Mycosphaerellaceae","g__Ramularia",NA
"46","k__Fungi","p__Ascomycota","c__Dothideomycetes","o__Pleosporales","f__Didymellaceae","g__Boeremia",NA
"47","k__Fungi","p__Ascomycota","c__Dothideomycetes","o__Pleosporales","f__Didymellaceae",NA,NA
"48","k__Fungi","p__Basidiomycota","c__Tremellomycetes","o__Tremellales","f__Bulleribasidiaceae","g__Vishniacozyma","s__heimaeyensis"
"49","k__Fungi","p__Ascomycota","c__Leotiomycetes","o__Helotiales",NA,NA,NA
"50","k__Fungi","p__Ascomycota","c__Dothideomycetes","o__Pleosporales","f__Didymellaceae","g__Epicoccum",NA
"51","k__Fungi","p__Basidiomycota","c__Agaricomycetes","o__Cantharellales","f__Ceratobasidiaceae","g__Ceratobasidiaceae_gen_Incertae_sedis",NA
"52","k__Fungi","p__Ascomycota","c__Dothideomycetes","o__Capnodiales","f__Cladosporiaceae","g__Cladosporium",NA
"53","k__Fungi","p__Basidiomycota","c__Microbotryomycetes","o__Sporidiobolales","f__Sporidiobolaceae","g__Rhodotorula","s__babjevae"
"54","k__Fungi","p__Basidiomycota","c__Tremellomycetes","o__Tremellales","f__Bulleribasidiaceae","g__Vishniacozyma","s__victoriae"
"55","k__Fungi","p__Basidiomycota","c__Tremellomycetes","o__Filobasidiales","f__Filobasidiaceae","g__Naganishia","s__diffluens"
"56","k__Fungi","p__Basidiomycota","c__Microbotryomycetes","o__Leucosporidiales","f__Leucosporidiaceae","g__Leucosporidium",NA
"57","k__Fungi","p__Basidiomycota","c__Tremellomycetes","o__Tremellales","f__Bulleribasidiaceae","g__Vishniacozyma","s__victoriae"
"58","k__Fungi","p__Basidiomycota","c__Tremellomycetes","o__Cystofilobasidiales","f__Mrakiaceae","g__Mrakia","s__frigida"
"59","k__Fungi","p__Basidiomycota","c__Tremellomycetes","o__Filobasidiales","f__Filobasidiaceae","g__Filobasidium","s__chernovii"
"60","k__Fungi","p__Ascomycota","c__Dothideomycetes","o__Capnodiales","f__Cladosporiaceae","g__Cladosporium",NA
"61","k__Fungi",NA,NA,NA,NA,NA,NA
"62","k__Fungi","p__Basidiomycota","c__Microbotryomycetes","o__Kriegeriales","f__Kriegeriaceae","g__Phenoliferia","s__psychrophila"
"63","k__Fungi","p__Basidiomycota","c__Tremellomycetes","o__Tremellales","f__Bulleribasidiaceae","g__Vishniacozyma","s__dimennae"
"64","k__Fungi","p__Ascomycota","c__Dothideomycetes","o__Pleosporales","f__Didymellaceae",NA,NA
"65","k__Fungi","p__Ascomycota","c__Dothideomycetes","o__Pleosporales","f__Didymellaceae",NA,NA
"66","k__Fungi","p__Ascomycota","c__Taphrinomycetes","o__Taphrinales","f__Protomycetaceae","g__Protomyces","s__inouyei"
"67","k__Fungi","p__Mortierellomycota","c__Mortierellomycetes","o__Mortierellales","f__Mortierellaceae",NA,NA
"68","k__Fungi","p__Ascomycota","c__Sordariomycetes",NA,NA,NA,NA
"69","k__Fungi","p__Ascomycota","c__Dothideomycetes","o__Pleosporales","f__Phaeosphaeriaceae","g__Juncaceicola",NA
"70","k__Fungi","p__Ascomycota","c__Dothideomycetes","o__Pleosporales","f__Phaeosphaeriaceae","g__Juncaceicola",NA
"71","k__Fungi","p__Ascomycota","c__Dothideomycetes","o__Pleosporales","f__Didymellaceae",NA,NA
"72","k__Fungi","p__Ascomycota","c__Pezizomycotina_cls_Incertae_sedis","o__Pezizomycotina_ord_Incertae_sedis","f__Pezizomycotina_fam_Incertae_sedis","g__Tricellula",NA
"73","k__Fungi","p__Mortierellomycota","c__Mortierellomycetes","o__Mortierellales","f__Mortierellaceae",NA,NA
"74","k__Fungi","p__Ascomycota","c__Leotiomycetes","o__Helotiales","f__Dermateaceae","g__Calloria",NA
"75","k__Fungi","p__Basidiomycota","c__Agaricomycetes","o__Cantharellales","f__Ceratobasidiaceae","g__Ceratobasidiaceae_gen_Incertae_sedis",NA
"76","k__Fungi","p__Basidiomycota","c__Tremellomycetes","o__Tremellales","f__Bulleribasidiaceae","g__Vishniacozyma","s__victoriae"
"77","k__Fungi","p__Ascomycota","c__Dothideomycetes","o__Pleosporales","f__Phaeosphaeriaceae",NA,NA
"78","k__Fungi","p__Ascomycota","c__Dothideomycetes","o__Pleosporales","f__Phaeosphaeriaceae","g__Paraloratospora","s__gahniae"
"79","k__Fungi","p__Ascomycota","c__Dothideomycetes","o__Pleosporales","f__Pleosporaceae","g__Alternaria",NA
"80","k__Fungi","p__Ascomycota","c__Dothideomycetes","o__Pleosporales","f__Phaeosphaeriaceae","g__Sclerostagonospora",NA
"81","k__Fungi","p__Ascomycota","c__Dothideomycetes","o__Mycosphaerellales","f__Mycosphaerellaceae","g__Ramularia",NA
"82","k__Fungi","p__Basidiomycota","c__Tremellomycetes","o__Tremellales","f__Bulleribasidiaceae","g__Vishniacozyma","s__victoriae"
"83","k__Fungi","p__Ascomycota","c__Sordariomycetes","o__Hypocreales","f__Nectriaceae","g__Fusarium",NA
"84","k__Fungi","p__Basidiomycota","c__Tremellomycetes","o__Tremellales","f__Bulleribasidiaceae","g__Vishniacozyma","s__dimennae"
"85","k__Fungi","p__Basidiomycota","c__Tremellomycetes","o__Tremellales","f__Bulleribasidiaceae","g__Dioszegia","s__patagonica"
"86","k__Fungi","p__Ascomycota","c__Dothideomycetes","o__Pleosporales","f__Didymellaceae","g__Endophoma","s__elongata"
"87","k__Fungi","p__Ascomycota","c__Dothideomycetes","o__Pleosporales","f__Melanommataceae",NA,NA
"88","k__Fungi","p__Basidiomycota","c__Tremellomycetes","o__Tremellales","f__Bulleribasidiaceae","g__Dioszegia","s__patagonica"
"89","k__Fungi","p__Ascomycota","c__Dothideomycetes","o__Capnodiales","f__Cladosporiaceae","g__Cladosporium",NA
"90","k__Fungi","p__Ascomycota","c__Dothideomycetes","o__Pleosporales","f__Pleosporaceae","g__Pyrenophora",NA
"91","k__Fungi","p__Basidiomycota","c__Tremellomycetes","o__Filobasidiales","f__Filobasidiaceae","g__Naganishia","s__randhawae"
"92","k__Fungi","p__Basidiomycota","c__Tremellomycetes","o__Tremellales","f__Bulleribasidiaceae","g__Vishniacozyma","s__dimennae"
"93","k__Fungi","p__Ascomycota","c__Dothideomycetes","o__Pleosporales","f__Didymellaceae",NA,NA
"94","k__Fungi","p__Ascomycota","c__Dothideomycetes","o__Pleosporales","f__Pleosporaceae","g__Alternaria","s__eureka"
"95","k__Fungi","p__Basidiomycota","c__Tremellomycetes","o__Tremellales","f__Bulleribasidiaceae","g__Dioszegia","s__patagonica"
"96","k__Fungi","p__Ascomycota","c__Leotiomycetes","o__Helotiales","f__Dermateaceae","g__Coleophoma",NA
"97","k__Fungi","p__Ascomycota","c__Dothideomycetes","o__Pleosporales","f__Didymellaceae",NA,NA
"98","k__Fungi","p__Ascomycota","c__Dothideomycetes","o__Mycosphaerellales","f__Mycosphaerellaceae","g__Ramularia",NA
"99","k__Fungi","p__Basidiomycota","c__Tremellomycetes","o__Cystofilobasidiales","f__Cystofilobasidiaceae","g__Cystofilobasidium","s__macerans"
"100","k__Fungi","p__Basidiomycota","c__Tremellomycetes","o__Tremellales","f__Bulleraceae","g__Bullera","s__unica"
"101","k__Fungi","p__Basidiomycota","c__Tremellomycetes","o__Tremellales","f__Bulleribasidiaceae","g__Dioszegia","s__patagonica"
"102","k__Fungi","p__Ascomycota","c__Dothideomycetes","o__Mycosphaerellales","f__Mycosphaerellaceae","g__Cercospora",NA
"103","k__Fungi","p__Basidiomycota","c__Tremellomycetes","o__Tremellales","f__Bulleribasidiaceae","g__Vishniacozyma","s__victoriae"
"104","k__Fungi","p__Basidiomycota","c__Tremellomycetes","o__Tremellales","f__Bulleribasidiaceae","g__Vishniacozyma","s__victoriae"
"105","k__Fungi","p__Ascomycota","c__Dothideomycetes","o__Pleosporales","f__Didymellaceae","g__Epicoccum",NA
"106","k__Fungi","p__Ascomycota","c__Leotiomycetes","o__Helotiales","f__Helotiaceae","g__Articulospora","s__proliferata"
"107","k__Fungi","p__Basidiomycota","c__Tremellomycetes","o__Tremellales","f__Bulleribasidiaceae","g__Vishniacozyma","s__victoriae"
"108","k__Fungi","p__Basidiomycota","c__Tremellomycetes","o__Tremellales","f__Bulleribasidiaceae","g__Vishniacozyma","s__victoriae"
"109","k__Fungi","p__Basidiomycota","c__Tremellomycetes","o__Tremellales","f__Bulleribasidiaceae","g__Vishniacozyma","s__victoriae"
"110","k__Fungi","p__Ascomycota","c__Dothideomycetes","o__Pleosporales","f__Didymellaceae","g__Neodidymelliopsis","s__xanthina"
"111","k__Fungi","p__Ascomycota",NA,NA,NA,NA,NA
"112","k__Fungi","p__Ascomycota","c__Dothideomycetes","o__Pleosporales","f__Didymellaceae",NA,NA
"113","k__Fungi","p__Mortierellomycota","c__Mortierellomycetes","o__Mortierellales","f__Mortierellaceae","g__Mortierella","s__basiparvispora"
"114","k__Fungi","p__Ascomycota","c__Leotiomycetes","o__Helotiales","f__Helotiaceae","g__Fontanospora","s__fusiramosa"
"115","k__Fungi","p__Ascomycota","c__Dothideomycetes","o__Capnodiales","f__Cladosporiaceae","g__Cladosporium",NA
"116","k__Fungi","p__Basidiomycota","c__Tremellomycetes","o__Tremellales","f__Bulleribasidiaceae","g__Vishniacozyma","s__victoriae"
"117","k__Fungi","p__Basidiomycota","c__Tremellomycetes","o__Tremellales","f__Bulleribasidiaceae","g__Vishniacozyma","s__victoriae"
"118","k__Fungi","p__Ascomycota","c__Leotiomycetes","o__Helotiales","f__Leotiaceae","g__Flagellospora","s__saccata"
"119","k__Fungi","p__Basidiomycota","c__Tremellomycetes","o__Tremellales","f__Bulleribasidiaceae","g__Vishniacozyma","s__victoriae"
"120","k__Fungi","p__Ascomycota","c__Leotiomycetes","o__Helotiales",NA,NA,NA
"121","k__Fungi","p__Basidiomycota","c__Tremellomycetes","o__Cystofilobasidiales","f__Mrakiaceae","g__Itersonilia","s__perplexans"
"122","k__Fungi","p__Ascomycota","c__Sordariomycetes","o__Glomerellales","f__Plectosphaerellaceae","g__Plectosphaerella",NA
"123","k__Fungi","p__Ascomycota","c__Dothideomycetes","o__Pleosporales","f__Pleosporaceae","g__Alternaria","s__tenuissima"
"124","k__Fungi","p__Ascomycota","c__Leotiomycetes","o__Helotiales","f__Sclerotiniaceae","g__Botrytis",NA
"125","k__Fungi","p__Ascomycota","c__Dothideomycetes","o__Pleosporales","f__Didymellaceae",NA,NA
"126","k__Fungi","p__Ascomycota","c__Dothideomycetes","o__Pleosporales","f__Melanommataceae",NA,NA
"127","k__Fungi","p__Basidiomycota","c__Tremellomycetes","o__Filobasidiales","f__Piskurozymaceae","g__Solicoccozyma",NA
"128","k__Fungi","p__Ascomycota","c__Dothideomycetes","o__Mycosphaerellales","f__Mycosphaerellaceae","g__Ramularia","s__haroldporteri"
"129","k__Fungi","p__Basidiomycota","c__Tremellomycetes","o__Tremellales","f__Bulleribasidiaceae","g__Vishniacozyma","s__victoriae"
"130","k__Fungi","p__Basidiomycota","c__Tremellomycetes","o__Filobasidiales","f__Filobasidiaceae","g__Naganishia",NA
"131","k__Fungi",NA,NA,NA,NA,NA,NA
"132","k__Fungi","p__Ascomycota","c__Leotiomycetes","o__Helotiales","f__Discinellaceae","g__Gyoerffyella",NA
"133","k__Fungi","p__Basidiomycota","c__Tremellomycetes","o__Filobasidiales","f__Filobasidiaceae","g__Filobasidium","s__oeirense"
"134","k__Fungi","p__Basidiomycota","c__Tremellomycetes","o__Cystofilobasidiales","f__Cystofilobasidiaceae","g__Cystofilobasidium",NA
"135","k__Fungi","p__Olpidiomycota","c__Olpidiomycetes","o__Olpidiales","f__Olpidiaceae","g__Olpidium",NA
"136","k__Fungi","p__Ascomycota","c__Dothideomycetes","o__Capnodiales","f__Cladosporiaceae","g__Cladosporium",NA
"137","k__Fungi","p__Ascomycota","c__Dothideomycetes","o__Mycosphaerellales","f__Mycosphaerellaceae","g__Ramularia","s__hydrangeae-macrophyllae"
"138","k__Fungi","p__Ascomycota","c__Dothideomycetes","o__Pleosporales","f__Didymellaceae",NA,NA
"139","k__Fungi","p__Ascomycota","c__Leotiomycetes","o__Helotiales",NA,NA,NA
"140","k__Fungi","p__Basidiomycota","c__Cystobasidiomycetes","o__Sakaguchiales","f__Sakaguchiaceae","g__Sakaguchia","s__dacryoidea"
"141","k__Fungi","p__Ascomycota","c__Dothideomycetes","o__Pleosporales","f__Phaeosphaeriaceae",NA,NA
"142","k__Fungi","p__Ascomycota","c__Dothideomycetes","o__Pleosporales","f__Melanommataceae",NA,NA
"143","k__Fungi","p__Basidiomycota","c__Tremellomycetes","o__Tremellales","f__Bulleribasidiaceae","g__Vishniacozyma","s__dimennae"
"144","k__Fungi","p__Ascomycota","c__Dothideomycetes","o__Pleosporales","f__Phaeosphaeriaceae","g__Sclerostagonospora","s__pinguis"
"145","k__Fungi","p__Basidiomycota","c__Tremellomycetes","o__Tremellales","f__Tremellaceae","g__Tremella","s__encephala"
"146","k__Fungi","p__Basidiomycota","c__Agaricomycetes","o__Cantharellales","f__Ceratobasidiaceae","g__Rhizoctonia","s__solani"
"147","k__Fungi","p__Basidiomycota","c__Microbotryomycetes","o__Leucosporidiales","f__Leucosporidiaceae","g__Leucosporidium","s__escuderoi"
"148","k__Fungi","p__Ascomycota","c__Dothideomycetes","o__Pleosporales","f__Didymellaceae","g__Ascochyta",NA
"149","k__Fungi","p__Ascomycota","c__Dothideomycetes","o__Pleosporales","f__Pleosporaceae","g__Alternaria","s__subcucurbitae"
"150","k__Fungi","p__Basidiomycota","c__Microbotryomycetes","o__Sporidiobolales","f__Sporidiobolaceae","g__Rhodotorula","s__babjevae"
"151","k__Fungi","p__Basidiomycota","c__Tremellomycetes","o__Tremellales","f__Bulleribasidiaceae","g__Vishniacozyma","s__victoriae"
"152","k__Fungi","p__Ascomycota","c__Leotiomycetes","o__Helotiales","f__Helotiaceae","g__Tetracladium","s__marchalianum"
"153","k__Fungi","p__Ascomycota","c__Dothideomycetes","o__Capnodiales","f__Cladosporiaceae","g__Cladosporium",NA
"154","k__Fungi","p__Ascomycota","c__Dothideomycetes","o__Pleosporales","f__Leptosphaeriaceae","g__Leptosphaeriaceae_gen_Incertae_sedis",NA
"155","k__Fungi","p__Ascomycota","c__Dothideomycetes","o__Pleosporales","f__Phaeosphaeriaceae","g__Paraphoma","s__ledniceana"
"156","k__Fungi","p__Ascomycota","c__Pezizomycotina_cls_Incertae_sedis","o__Pezizomycotina_ord_Incertae_sedis","f__Pezizomycotina_fam_Incertae_sedis","g__Tricellula",NA
"157","k__Fungi","p__Ascomycota","c__Leotiomycetes","o__Erysiphales","f__Erysiphaceae","g__Blumeria","s__graminis"
"158","k__Fungi","p__Ascomycota","c__Dothideomycetes","o__Capnodiales","f__Cladosporiaceae","g__Cladosporium",NA
"159","k__Fungi","p__Ascomycota","c__Leotiomycetes","o__Helotiales","f__Helotiaceae","g__Infundichalara",NA
"160","k__Fungi","p__Ascomycota","c__Dothideomycetes","o__Pleosporales","f__Phaeosphaeriaceae","g__Juncaceicola",NA
"161","k__Fungi","p__Ascomycota","c__Dothideomycetes","o__Capnodiales","f__Cladosporiaceae","g__Cladosporium","s__cladosporioides"
"162","k__Fungi","p__Basidiomycota","c__Microbotryomycetes","o__Sporidiobolales","f__Sporidiobolaceae","g__Rhodosporidiobolus","s__colostri"
"163","k__Fungi","p__Ascomycota","c__Pezizomycetes","o__Pezizales","f__Pyronemataceae","g__Tricharina","s__praecox"
"164","k__Fungi","p__Basidiomycota","c__Cystobasidiomycetes","o__Sakaguchiales","f__Sakaguchiaceae","g__Sakaguchia","s__dacryoidea"
"165","k__Fungi","p__Ascomycota","c__Dothideomycetes","o__Mycosphaerellales","f__Mycosphaerellaceae","g__Ramularia","s__haroldporteri"
"166","k__Fungi","p__Ascomycota","c__Sordariomycetes",NA,NA,NA,NA
"167","k__Fungi","p__Basidiomycota","c__Tremellomycetes","o__Tremellales","f__Rhynchogastremataceae","g__Papiliotrema","s__laurentii"
"168","k__Fungi","p__Ascomycota","c__Dothideomycetes","o__Mycosphaerellales","f__Mycosphaerellaceae","g__Septoria","s__glycinicola"
"169","k__Fungi","p__Ascomycota","c__Dothideomycetes","o__Pleosporales","f__Phaeosphaeriaceae","g__Chaetosphaeronema","s__achilleae"
"170","k__Fungi","p__Chytridiomycota",NA,NA,NA,NA,NA
"171","k__Fungi","p__Basidiomycota","c__Tremellomycetes","o__Tremellales","f__Bulleribasidiaceae","g__Vishniacozyma","s__dimennae"
"172","k__Fungi","p__Ascomycota","c__Dothideomycetes","o__Pleosporales","f__Melanommataceae","g__Herpotrichia","s__pinetorum"
"173","k__Fungi","p__Basidiomycota","c__Microbotryomycetes","o__Microbotryales","f__Ustilentylomataceae","g__Microbotryozyma",NA
"174","k__Fungi","p__Ascomycota","c__Dothideomycetes",NA,NA,NA,NA
"175","k__Fungi","p__Basidiomycota","c__Tremellomycetes","o__Trichosporonales","f__Trichosporonaceae","g__Apiotrichum","s__xylopini"
"176","k__Fungi","p__Basidiomycota","c__Microbotryomycetes","o__Sporidiobolales","f__Sporidiobolaceae","g__Sporobolomyces",NA
"177","k__Fungi","p__Basidiomycota","c__Microbotryomycetes","o__Microbotryomycetes_ord_Incertae_sedis","f__Chrysozymaceae","g__Sampaiozyma",NA
"178","k__Fungi","p__Ascomycota","c__Dothideomycetes","o__Pleosporales","f__Sporormiaceae","g__Sporormiella","s__intermedia"
"179","k__Fungi","p__Basidiomycota","c__Agaricostilbomycetes","o__Agaricostilbales","f__Kondoaceae","g__Kondoa",NA
"180","k__Fungi","p__Basidiomycota","c__Tremellomycetes","o__Tremellales","f__Bulleribasidiaceae","g__Vishniacozyma","s__victoriae"
"181","k__Fungi","p__Ascomycota","c__Sordariomycetes","o__Hypocreales","f__Nectriaceae","g__Fusarium",NA
"182","k__Fungi","p__Basidiomycota","c__Tremellomycetes","o__Tremellales","f__Bulleribasidiaceae","g__Vishniacozyma","s__dimennae"
"183","k__Fungi","p__Ascomycota","c__Sordariomycetes","o__Glomerellales","f__Plectosphaerellaceae","g__Plectosphaerella",NA
"184","k__Fungi","p__Ascomycota","c__Dothideomycetes","o__Pleosporales","f__Sporormiaceae","g__Sporormiella","s__similis"
"185","k__Fungi","p__Ascomycota","c__Dothideomycetes","o__Pleosporales","f__Pleosporaceae","g__Alternaria",NA
"186","k__Fungi",NA,NA,NA,NA,NA,NA
"187","k__Fungi","p__Basidiomycota","c__Tremellomycetes","o__Tremellales","f__Bulleribasidiaceae","g__Dioszegia",NA
"188","k__Fungi","p__Ascomycota","c__Leotiomycetes","o__Helotiales","f__Calloriaceae","g__Polyphilus",NA
"189","k__Fungi","p__Ascomycota","c__Pezizomycetes","o__Pezizales","f__Pyronemataceae","g__Heydenia",NA
"190","k__Fungi","p__Ascomycota","c__Dothideomycetes","o__Mycosphaerellales","f__Mycosphaerellaceae","g__Ramularia",NA
"191","k__Fungi","p__Basidiomycota","c__Tremellomycetes","o__Tremellales","f__Bulleribasidiaceae","g__Vishniacozyma","s__victoriae"
"192","k__Fungi","p__Basidiomycota","c__Microbotryomycetes","o__Microbotryomycetes_ord_Incertae_sedis","f__Chrysozymaceae","g__Sampaiozyma","s__ingeniosa"
"193","k__Fungi","p__Ascomycota","c__Dothideomycetes","o__Pleosporales","f__Phaeosphaeriaceae",NA,NA
"194","k__Fungi","p__Basidiomycota","c__Tremellomycetes","o__Tremellales","f__Bulleribasidiaceae","g__Vishniacozyma","s__tephrensis"
"195","k__Fungi","p__Ascomycota","c__Dothideomycetes","o__Pleosporales","f__Didymellaceae","g__Calophoma","s__aquilegiicola"
"196","k__Fungi","p__Ascomycota","c__Dothideomycetes","o__Pleosporales","f__Sporormiaceae","g__Sporormiella","s__intermedia"
"197","k__Fungi","p__Ascomycota","c__Dothideomycetes","o__Pleosporales","f__Phaeosphaeriaceae","g__Parastagonospora","s__novozelandica"
"198","k__Fungi","p__Basidiomycota","c__Tremellomycetes","o__Trichosporonales","f__Trichosporonaceae","g__Trichosporon","s__asahii"
"199","k__Fungi",NA,NA,NA,NA,NA,NA
"200","k__Fungi","p__Ascomycota","c__Leotiomycetes","o__Helotiales","f__Discinellaceae","g__Lemonniera","s__centrosphaera"
"201","k__Fungi","p__Ascomycota","c__Leotiomycetes","o__Helotiales","f__Discinellaceae","g__Lemonniera","s__centrosphaera"
"202","k__Fungi","p__Ascomycota","c__Leotiomycetes","o__Helotiales","f__Dermateaceae","g__Trichosporiella","s__multisporum"
"203","k__Fungi","p__Basidiomycota","c__Microbotryomycetes","o__Leucosporidiales","f__Leucosporidiaceae","g__Leucosporidium",NA
"204","k__Fungi","p__Ascomycota","c__Taphrinomycetes","o__Taphrinales","f__Protomycetaceae","g__Protomyces","s__inouyei"
"205","k__Fungi","p__Ascomycota","c__Sordariomycetes","o__Sordariales","f__Sordariales_fam_Incertae_sedis","g__Papulaspora","s__byssina"
"206","k__Fungi","p__Basidiomycota","c__Tremellomycetes","o__Filobasidiales","f__Filobasidiaceae","g__Filobasidium",NA
"207","k__Fungi","p__Ascomycota","c__Dothideomycetes","o__Pleosporales","f__Didymellaceae",NA,NA
"208","k__Fungi","p__Basidiomycota","c__Tremellomycetes","o__Cystofilobasidiales","f__Mrakiaceae","g__Itersonilia","s__pannonica"
"209","k__Fungi","p__Basidiomycota","c__Tremellomycetes","o__Filobasidiales","f__Filobasidiaceae","g__Naganishia","s__diffluens"
"210","k__Fungi","p__Ascomycota","c__Dothideomycetes","o__Pleosporales","f__Leptosphaeriaceae","g__Paraleptosphaeria","s__nitschkei"
"211","k__Fungi","p__Basidiomycota","c__Cystobasidiomycetes","o__Cystobasidiales","f__Cystobasidiaceae","g__Cystobasidium","s__pinicola"
"212","k__Fungi","p__Ascomycota","c__Sordariomycetes","o__Hypocreales","f__Nectriaceae","g__Neonectria",NA
"213","k__Fungi","p__Chytridiomycota","c__Spizellomycetes","o__Spizellomycetales","f__Spizellomycetales_fam_Incertae_sedis","g__Spizellomycetales_gen_Incertae_sedis",NA
"214","k__Fungi","p__Basidiomycota","c__Tremellomycetes","o__Tremellales","f__Bulleribasidiaceae","g__Vishniacozyma","s__victoriae"
"215","k__Fungi","p__Ascomycota","c__Sordariomycetes",NA,NA,NA,NA
"216","k__Fungi","p__Basidiomycota","c__Tremellomycetes","o__Cystofilobasidiales","f__Cystofilobasidiaceae","g__Cystofilobasidium","s__infirmominiatum"
"217","k__Fungi","p__Ascomycota","c__Dothideomycetes","o__Pleosporales","f__Didymellaceae","g__Boeremia",NA
"218","k__Fungi","p__Basidiomycota","c__Tremellomycetes","o__Tremellales","f__Bulleribasidiaceae","g__Dioszegia","s__hungarica"
"219","k__Fungi","p__Rozellomycota","c__Rozellomycota_cls_Incertae_sedis","o__Rozellomycota_ord_Incertae_sedis","f__Rozellomycota_fam_Incertae_sedis","g__Rozellomycota_gen_Incertae_sedis",NA
"220","k__Fungi",NA,NA,NA,NA,NA,NA
"221","k__Fungi","p__Ascomycota","c__Dothideomycetes","o__Pleosporales","f__Phaeosphaeriaceae","g__Septoriella",NA
"222","k__Fungi","p__Ascomycota","c__Leotiomycetes","o__Helotiales","f__Helotiaceae","g__Fontanospora",NA
"223","k__Fungi","p__Ascomycota","c__Saccharomycetes","o__Saccharomycetales","f__Phaffomycetaceae","g__Cyberlindnera","s__jadinii"
"224","k__Fungi","p__Basidiomycota","c__Tremellomycetes","o__Tremellales","f__Bulleribasidiaceae","g__Vishniacozyma","s__heimaeyensis"
"225","k__Fungi","p__Basidiomycota","c__Exobasidiomycetes","o__Entylomatales","f__Entylomataceae","g__Entylomataceae_gen_Incertae_sedis",NA
"226","k__Fungi","p__Basidiomycota","c__Tremellomycetes","o__Tremellales","f__Bulleribasidiaceae","g__Dioszegia","s__crocea"
"227","k__Fungi","p__Ascomycota",NA,NA,NA,NA,NA
"228","k__Fungi","p__Ascomycota","c__Leotiomycetes","o__Helotiales","f__Leotiaceae","g__Alatospora","s__acuminata"
"229","k__Fungi","p__Ascomycota","c__Leotiomycetes","o__Helotiales","f__Sclerotiniaceae","g__Botrytis","s__caroliniana"
"230","k__Fungi","p__Ascomycota","c__Dothideomycetes","o__Pleosporales","f__Didymellaceae","g__Endophoma","s__elongata"
"231","k__Fungi",NA,NA,NA,NA,NA,NA
"232","k__Fungi","p__Ascomycota","c__Dothideomycetes","o__Pleosporales","f__Didymellaceae","g__Phoma","s__schachtii"
"233","k__Fungi",NA,NA,NA,NA,NA,NA
"234","k__Fungi","p__Basidiomycota","c__Tremellomycetes","o__Tremellales","f__Bulleribasidiaceae","g__Vishniacozyma","s__victoriae"
"235","k__Fungi","p__Basidiomycota","c__Tremellomycetes","o__Tremellales","f__Bulleribasidiaceae","g__Vishniacozyma","s__victoriae"
"236","k__Fungi","p__Mortierellomycota","c__Mortierellomycetes","o__Mortierellales","f__Mortierellaceae","g__Mortierella","s__rishikesha"
"237","k__Fungi","p__Ascomycota","c__Dothideomycetes","o__Pleosporales","f__Pleomassariaceae","g__Pleomassariaceae_gen_Incertae_sedis",NA
"238","k__Fungi","p__Basidiomycota","c__Agaricomycetes","o__Sebacinales","f__Serendipitaceae","g__Serendipita","s__herbamans"
"239","k__Fungi","p__Basidiomycota","c__Microbotryomycetes","o__Sporidiobolales","f__Sporidiobolaceae","g__Rhodosporidiobolus","s__colostri"
"240","k__Fungi","p__Ascomycota","c__Leotiomycetes","o__Helotiales",NA,NA,NA
"241","k__Fungi","p__Ascomycota","c__Dothideomycetes","o__Pleosporales","f__Phaeosphaeriaceae","g__Neosetophoma",NA
"242","k__Fungi","p__Ascomycota","c__Dothideomycetes","o__Pleosporales","f__Sporormiaceae","g__Sporormiella","s__similis"
"243","k__Fungi","p__Ascomycota","c__Leotiomycetes","o__Helotiales","f__Tympanidaceae",NA,NA
"244","k__Fungi","p__Ascomycota","c__Dothideomycetes","o__Pleosporales","f__Phaeosphaeriaceae","g__Phaeosphaeria","s__tofieldiae"
"245","k__Fungi","p__Ascomycota","c__Dothideomycetes","o__Pleosporales","f__Phaeosphaeriaceae","g__Bhatiellae","s__rosae"
"246","k__Fungi","p__Basidiomycota","c__Tremellomycetes","o__Tremellales","f__Bulleribasidiaceae","g__Vishniacozyma","s__tephrensis"
"247","k__Fungi","p__Ascomycota",NA,NA,NA,NA,NA
"248","k__Fungi","p__Basidiomycota","c__Tremellomycetes","o__Filobasidiales","f__Filobasidiaceae","g__Filobasidium","s__chernovii"
"249","k__Fungi","p__Basidiomycota","c__Tremellomycetes","o__Tremellales","f__Bulleribasidiaceae","g__Dioszegia","s__patagonica"
"250","k__Fungi","p__Ascomycota","c__Dothideomycetes","o__Pleosporales","f__Melanommataceae",NA,NA
"251","k__Fungi","p__Ascomycota","c__Dothideomycetes","o__Pleosporales","f__Melanommataceae","g__Herpotrichia",NA
"252","k__Fungi","p__Basidiomycota","c__Tremellomycetes","o__Tremellales","f__Bulleribasidiaceae","g__Vishniacozyma","s__victoriae"
"253","k__Fungi","p__Basidiomycota","c__Tremellomycetes","o__Tremellales","f__Cryptococcaceae","g__Cryptococcus","s__watticus"
"254","k__Fungi","p__Ascomycota","c__Sordariomycetes","o__Sordariales","f__Lasiosphaeriaceae","g__Arnium",NA
"255","k__Fungi","p__Ascomycota","c__Dothideomycetes","o__Pleosporales","f__Didymellaceae","g__Stagonosporopsis",NA
"256","k__Fungi","p__Mortierellomycota","c__Mortierellomycetes","o__Mortierellales","f__Mortierellaceae",NA,NA
"257","k__Fungi","p__Ascomycota","c__Dothideomycetes","o__Pleosporales","f__Didymellaceae","g__Epicoccum",NA
"258","k__Fungi","p__Ascomycota","c__Dothideomycetes","o__Pleosporales","f__Pleosporaceae","g__Stemphylium",NA
"259","k__Fungi","p__Ascomycota","c__Dothideomycetes","o__Pleosporales","f__Pleosporaceae","g__Alternaria","s__subcucurbitae"
"260","k__Fungi","p__Ascomycota","c__Leotiomycetes","o__Helotiales","f__Leotiaceae","g__Alatospora","s__acuminata"
"261","k__Fungi","p__Basidiomycota","c__Tremellomycetes","o__Tremellales","f__Bulleribasidiaceae","g__Vishniacozyma","s__carnescens"
"262","k__Fungi","p__Ascomycota","c__Pezizomycotina_cls_Incertae_sedis","o__Pezizomycotina_ord_Incertae_sedis","f__Pezizomycotina_fam_Incertae_sedis","g__Kostermansinda","s__minima"
"263","k__Fungi","p__Basidiomycota","c__Tremellomycetes","o__Tremellales","f__Bulleribasidiaceae","g__Dioszegia","s__patagonica"
"264","k__Fungi","p__Basidiomycota","c__Tremellomycetes","o__Filobasidiales","f__Filobasidiaceae","g__Filobasidium","s__chernovii"
"265","k__Fungi","p__Basidiomycota","c__Tremellomycetes","o__Filobasidiales","f__Filobasidiaceae","g__Naganishia",NA
"266","k__Fungi",NA,NA,NA,NA,NA,NA
"267","k__Fungi","p__Ascomycota","c__Sordariomycetes","o__Xylariales","f__Amphisphaeriaceae","g__Microdochium","s__nivale"
"268","k__Fungi","p__Basidiomycota","c__Agaricomycetes","o__Thelephorales","f__Thelephoraceae","g__Tomentella",NA
"269","k__Fungi","p__Ascomycota","c__Leotiomycetes","o__Helotiales","f__Hyaloscyphaceae","g__Clathrosphaerina",NA
"270","k__Fungi","p__Basidiomycota","c__Microbotryomycetes","o__Leucosporidiales","f__Leucosporidiaceae","g__Leucosporidiaceae_gen_Incertae_sedis",NA
"271","k__Fungi","p__Ascomycota",NA,NA,NA,NA,NA
"272","k__Fungi","p__Ascomycota","c__Dothideomycetes","o__Pleosporales","f__Phaeosphaeriaceae","g__Phaeosphaeria",NA
"273","k__Fungi","p__Ascomycota","c__Dothideomycetes","o__Mycosphaerellales","f__Mycosphaerellaceae","g__Ramularia",NA
"274","k__Fungi","p__Basidiomycota","c__Tremellomycetes","o__Tremellales","f__Bulleribasidiaceae","g__Dioszegia","s__patagonica"
"275","k__Fungi","p__Basidiomycota","c__Tremellomycetes","o__Tremellales","f__Bulleribasidiaceae","g__Dioszegia","s__patagonica"
"276","k__Fungi","p__Ascomycota","c__Sordariomycetes","o__Sordariales","f__Chaetomiaceae","g__Zopfiella",NA
"277","k__Fungi","p__Ascomycota","c__Sordariomycetes","o__Xylariales",NA,NA,NA
"278","k__Fungi","p__Basidiomycota","c__Tremellomycetes","o__Tremellales","f__Bulleribasidiaceae","g__Vishniacozyma","s__victoriae"
"279","k__Fungi","p__Basidiomycota","c__Tremellomycetes","o__Tremellales","f__Tremellaceae","g__Tremella","s__variae"
"280","k__Fungi","p__Ascomycota","c__Leotiomycetes","o__Helotiales",NA,NA,NA
"281","k__Fungi","p__Basidiomycota","c__Tremellomycetes","o__Tremellales","f__Bulleribasidiaceae","g__Dioszegia",NA
"282","k__Fungi","p__Basidiomycota","c__Tremellomycetes","o__Filobasidiales","f__Filobasidiaceae","g__Filobasidium","s__floriforme"
"283","k__Fungi","p__Ascomycota","c__Taphrinomycetes","o__Taphrinales","f__Protomycetaceae","g__Protomycetaceae_gen_Incertae_sedis",NA
"284","k__Fungi","p__Ascomycota","c__Sordariomycetes",NA,NA,NA,NA
"285","k__Fungi","p__Ascomycota","c__Sordariomycetes","o__Hypocreales","f__Nectriaceae","g__Calonectria",NA
"286","k__Fungi","p__Ascomycota","c__Saccharomycetes","o__Saccharomycetales","f__Debaryomycetaceae","g__Scheffersomyces","s__spartinae"
"287","k__Fungi","p__Basidiomycota","c__Tremellomycetes","o__Tremellales","f__Bulleribasidiaceae","g__Vishniacozyma","s__victoriae"
"288","k__Fungi","p__Basidiomycota","c__Tremellomycetes","o__Tremellales","f__Bulleribasidiaceae","g__Vishniacozyma","s__victoriae"
"289","k__Fungi","p__Ascomycota","c__Dothideomycetes","o__Pleosporales","f__Leptosphaeriaceae","g__Ampelomyces","s__quisqualis"
"290","k__Fungi","p__Basidiomycota","c__Microbotryomycetes","o__Microbotryomycetes_ord_Incertae_sedis","f__Chrysozymaceae","g__Sampaiozyma","s__vanillica"
"291","k__Fungi","p__Basidiomycota","c__Tremellomycetes","o__Filobasidiales","f__Filobasidiaceae","g__Filobasidium","s__floriforme"
"292","k__Fungi",NA,NA,NA,NA,NA,NA
"293","k__Fungi","p__Basidiomycota","c__Tremellomycetes","o__Cystofilobasidiales","f__Mrakiaceae","g__Mrakia","s__frigida"
"294","k__Fungi","p__Ascomycota","c__Sordariomycetes",NA,NA,NA,NA
"295","k__Fungi","p__Basidiomycota","c__Tremellomycetes","o__Tremellales","f__Bulleribasidiaceae","g__Vishniacozyma","s__victoriae"
"296","k__Fungi","p__Basidiomycota","c__Tremellomycetes","o__Tremellales","f__Bulleribasidiaceae","g__Vishniacozyma","s__carnescens"
"297","k__Fungi","p__Basidiomycota","c__Tremellomycetes","o__Filobasidiales","f__Piskurozymaceae","g__Solicoccozyma","s__keelungensis"
"298","k__Fungi","p__Ascomycota","c__Dothideomycetes","o__Mycosphaerellales","f__Mycosphaerellaceae","g__Ramularia",NA
"299","k__Fungi","p__Basidiomycota","c__Tremellomycetes","o__Filobasidiales","f__Piskurozymaceae","g__Solicoccozyma","s__terrea"
"300","k__Fungi","p__Ascomycota","c__Sordariomycetes","o__Hypocreales","f__Nectriaceae","g__Fusarium",NA
"301","k__Fungi","p__Basidiomycota","c__Tremellomycetes","o__Tremellales","f__Bulleribasidiaceae","g__Vishniacozyma","s__victoriae"
"302","k__Fungi","p__Basidiomycota","c__Tremellomycetes","o__Tremellales","f__Bulleribasidiaceae","g__Vishniacozyma","s__victoriae"
"303","k__Fungi","p__Basidiomycota","c__Cystobasidiomycetes","o__Erythrobasidiales","f__Erythrobasidiaceae","g__Erythrobasidium","s__yunnanense"
"304","k__Fungi","p__Basidiomycota","c__Agaricomycetes","o__Agaricales",NA,NA,NA
"305","k__Fungi","p__Basidiomycota","c__Tremellomycetes","o__Tremellales","f__Bulleribasidiaceae","g__Vishniacozyma","s__victoriae"
"306","k__Fungi","p__Basidiomycota","c__Tremellomycetes","o__Filobasidiales","f__Filobasidiaceae","g__Filobasidium","s__chernovii"
"307","k__Fungi","p__Basidiomycota","c__Tremellomycetes","o__Tremellales","f__Bulleribasidiaceae","g__Vishniacozyma","s__victoriae"
"308","k__Fungi",NA,NA,NA,NA,NA,NA
"309","k__Fungi","p__Basidiomycota","c__Tremellomycetes","o__Tremellales","f__Bulleribasidiaceae","g__Vishniacozyma","s__victoriae"
"310","k__Fungi",NA,NA,NA,NA,NA,NA
"311","k__Fungi","p__Ascomycota","c__Leotiomycetes","o__Thelebolales","f__Thelebolaceae","g__Thelebolus","s__globosus"
"312","k__Fungi","p__Basidiomycota","c__Tremellomycetes","o__Tremellales","f__Bulleribasidiaceae","g__Vishniacozyma","s__heimaeyensis"
"313","k__Fungi","p__Ascomycota","c__Dothideomycetes","o__Pleosporales","f__Pleosporaceae","g__Pyrenophora","s__biseptata"
"314","k__Fungi","p__Ascomycota","c__Leotiomycetes","o__Helotiales","f__Sclerotiniaceae",NA,NA
"315","k__Fungi","p__Chytridiomycota","c__Chytridiomycota_cls_Incertae_sedis","o__Chytridiomycota_ord_Incertae_sedis","f__Chytridiomycota_fam_Incertae_sedis","g__Chytridiomycota_gen_Incertae_sedis",NA
"316","k__Fungi","p__Basidiomycota","c__Tremellomycetes","o__Tremellales","f__Rhynchogastremataceae","g__Papiliotrema","s__laurentii"
"317","k__Fungi","p__Basidiomycota","c__Tremellomycetes","o__Tremellales","f__Bulleribasidiaceae","g__Vishniacozyma","s__victoriae"
"318","k__Fungi","p__Basidiomycota","c__Tremellomycetes","o__Tremellales","f__Bulleribasidiaceae","g__Vishniacozyma","s__dimennae"
"319","k__Fungi","p__Ascomycota","c__Dothideomycetes","o__Pleosporales","f__Pleosporaceae","g__Alternaria","s__tenuissima"
"320","k__Fungi","p__Ascomycota","c__Taphrinomycetes","o__Taphrinales","f__Protomycetaceae","g__Protomycetaceae_gen_Incertae_sedis",NA
"321","k__Fungi","p__Basidiomycota","c__Tremellomycetes","o__Tremellales","f__Bulleribasidiaceae","g__Dioszegia","s__patagonica"
"322","k__Fungi","p__Basidiomycota","c__Microbotryomycetes","o__Microbotryales","f__Ustilentylomataceae","g__Microbotryozyma",NA
"323","k__Fungi","p__Ascomycota","c__Dothideomycetes","o__Pleosporales","f__Phaeosphaeriaceae","g__Phaeosphaeria","s__culmorum"
"324","k__Fungi",NA,NA,NA,NA,NA,NA
"325","k__Fungi","p__Ascomycota",NA,NA,NA,NA,NA
"326","k__Fungi","p__Basidiomycota","c__Microbotryomycetes","o__Microbotryomycetes_ord_Incertae_sedis","f__Microbotryomycetes_fam_Incertae_sedis","g__Curvibasidium",NA
"327","k__Fungi","p__Basidiomycota","c__Tremellomycetes","o__Tremellales","f__Bulleribasidiaceae","g__Vishniacozyma","s__victoriae"
"328","k__Fungi","p__Basidiomycota","c__Microbotryomycetes","o__Kriegeriales","f__Kriegeriaceae","g__Phenoliferia","s__glacialis"
"329","k__Fungi","p__Mortierellomycota","c__Mortierellomycetes","o__Mortierellales","f__Mortierellaceae","g__Linnemannia",NA
"330","k__Fungi","p__Basidiomycota","c__Cystobasidiomycetes",NA,NA,NA,NA
"331","k__Fungi","p__Basidiomycota","c__Tremellomycetes","o__Tremellales","f__Bulleribasidiaceae","g__Vishniacozyma","s__victoriae"
"332","k__Fungi","p__Chytridiomycota","c__Lobulomycetes","o__Lobulomycetales","f__Lobulomycetales_fam_Incertae_sedis","g__Lobulomycetales_gen_Incertae_sedis",NA
"333","k__Fungi","p__Ascomycota","c__Dothideomycetes","o__Pleosporales","f__Pleosporaceae","g__Alternaria",NA
"334","k__Fungi",NA,NA,NA,NA,NA,NA
"335","k__Fungi","p__Basidiomycota","c__Tremellomycetes","o__Tremellales","f__Bulleribasidiaceae","g__Vishniacozyma","s__tephrensis"
"336","k__Fungi","p__Mortierellomycota","c__Mortierellomycetes","o__Mortierellales","f__Mortierellaceae",NA,NA
"337","k__Fungi","p__Basidiomycota","c__Tremellomycetes","o__Tremellales","f__Bulleribasidiaceae","g__Vishniacozyma","s__victoriae"
"338","k__Fungi","p__Ascomycota",NA,NA,NA,NA,NA
"339","k__Fungi","p__Basidiomycota","c__Tremellomycetes","o__Tremellales","f__Bulleribasidiaceae","g__Vishniacozyma","s__victoriae"
"340","k__Fungi","p__Ascomycota","c__Sordariomycetes","o__Hypocreales","f__Nectriaceae","g__Fusarium",NA
"341","k__Fungi","p__Ascomycota","c__Leotiomycetes","o__Helotiales",NA,NA,NA
"342","k__Fungi","p__Basidiomycota","c__Tremellomycetes","o__Tremellales","f__Bulleribasidiaceae","g__Vishniacozyma","s__victoriae"
"343","k__Fungi","p__Basidiomycota","c__Tremellomycetes","o__Tremellales","f__Bulleribasidiaceae","g__Vishniacozyma","s__victoriae"
"344","k__Fungi","p__Basidiomycota","c__Tremellomycetes","o__Tremellales","f__Bulleribasidiaceae","g__Vishniacozyma","s__victoriae"
"345","k__Fungi","p__Basidiomycota","c__Agaricomycetes",NA,NA,NA,NA
"346","k__Fungi","p__Ascomycota","c__Dothideomycetes","o__Pleosporales","f__Pleosporaceae","g__Comoclathris",NA
"347","k__Fungi","p__Ascomycota","c__Leotiomycetes","o__Helotiales",NA,NA,NA
"348","k__Fungi","p__Chytridiomycota",NA,NA,NA,NA,NA
"349","k__Fungi","p__Ascomycota","c__Dothideomycetes","o__Pleosporales","f__Phaeosphaeriaceae","g__Paraphoma","s__ledniceana"
"350","k__Fungi","p__Ascomycota",NA,NA,NA,NA,NA
"351","k__Fungi","p__Ascomycota","c__Sordariomycetes","o__Sordariales","f__Chaetomiaceae","g__Zopfiella","s__tardifaciens"
"352","k__Fungi","p__Ascomycota","c__Dothideomycetes","o__Pleosporales","f__Phaeosphaeriaceae","g__Phaeosphaeria","s__tofieldiae"
"353","k__Fungi","p__Basidiomycota","c__Tremellomycetes","o__Tremellales","f__Bulleribasidiaceae","g__Vishniacozyma","s__victoriae"
"354","k__Fungi","p__Basidiomycota","c__Microbotryomycetes","o__Kriegeriales","f__Kriegeriaceae","g__Phenoliferia","s__glacialis"
"355","k__Fungi","p__Ascomycota","c__Leotiomycetes","o__Helotiales","f__Dermateaceae","g__Trichosporiella","s__multisporum"
"356","k__Fungi","p__Basidiomycota","c__Tremellomycetes","o__Tremellales","f__Bulleribasidiaceae","g__Vishniacozyma","s__victoriae"
"357","k__Fungi","p__Ascomycota",NA,NA,NA,NA,NA
"358","k__Fungi","p__Ascomycota","c__Dothideomycetes","o__Pleosporales","f__Sporormiaceae",NA,NA
"359","k__Fungi","p__Ascomycota","c__Pezizomycetes","o__Pezizales","f__Pyronemataceae","g__Pyronema",NA
"360","k__Fungi","p__Ascomycota","c__Leotiomycetes","o__Helotiales","f__Leotiaceae","g__Alatospora","s__acuminata"
"361","k__Fungi","p__Basidiomycota","c__Tremellomycetes","o__Tremellales","f__Bulleribasidiaceae","g__Vishniacozyma","s__carnescens"
"362","k__Fungi","p__Basidiomycota","c__Tremellomycetes","o__Tremellales","f__Bulleribasidiaceae","g__Vishniacozyma","s__victoriae"
"363","k__Fungi","p__Basidiomycota","c__Tremellomycetes","o__Filobasidiales","f__Filobasidiaceae","g__Filobasidium","s__chernovii"
"364","k__Fungi","p__Basidiomycota","c__Tremellomycetes","o__Tremellales","f__Bulleribasidiaceae","g__Vishniacozyma","s__dimennae"
"365","k__Fungi","p__Basidiomycota","c__Tremellomycetes","o__Tremellales","f__Bulleribasidiaceae","g__Vishniacozyma","s__victoriae"
"366","k__Fungi","p__Ascomycota","c__Sordariomycetes","o__Hypocreales","f__Bionectriaceae","g__Clonostachys","s__rosea"
"367","k__Fungi","p__Ascomycota","c__Orbiliomycetes","o__Orbiliales","f__Orbiliaceae","g__Dactylaria","s__dimorphospora"
"368","k__Fungi","p__Ascomycota","c__Leotiomycetes","o__Helotiales","f__Leotiaceae","g__Pezoloma","s__ericae"
"369","k__Fungi","p__Ascomycota","c__Dothideomycetes","o__Pleosporales","f__Didymellaceae","g__Calophoma","s__aquilegiicola"
"370","k__Fungi","p__Ascomycota","c__Dothideomycetes","o__Pleosporales","f__Phaeosphaeriaceae",NA,NA
"371","k__Fungi","p__Basidiomycota","c__Tremellomycetes","o__Tremellales","f__Bulleribasidiaceae","g__Vishniacozyma","s__victoriae"
"372","k__Fungi","p__Basidiomycota","c__Tremellomycetes","o__Tremellales","f__Bulleribasidiaceae","g__Vishniacozyma","s__victoriae"
"373","k__Fungi","p__Ascomycota","c__Dothideomycetes","o__Pleosporales","f__Pleosporaceae","g__Comoclathris",NA
"374","k__Fungi","p__Basidiomycota","c__Tremellomycetes","o__Tremellales","f__Phaeotremellaceae","g__Gelidatrema",NA
"375","k__Fungi","p__Ascomycota","c__Sordariomycetes","o__Hypocreales","f__Nectriaceae","g__Neonectria","s__major"
"376","k__Fungi","p__Ascomycota","c__Leotiomycetes","o__Helotiales","f__Hyaloscyphaceae","g__Lachnellula","s__fuscosanguinea"
"377","k__Fungi","p__Ascomycota","c__Dothideomycetes","o__Pleosporales","f__Phaeosphaeriaceae","g__Paraphoma","s__radicina"
"378","k__Fungi","p__Basidiomycota","c__Agaricomycetes","o__Agaricales","f__Psathyrellaceae","g__Lacrymaria","s__glareosa"
"379","k__Fungi",NA,NA,NA,NA,NA,NA
"380","k__Fungi","p__Ascomycota","c__Sordariomycetes",NA,NA,NA,NA
"381","k__Fungi","p__Ascomycota","c__Saccharomycetes","o__Saccharomycetales","f__Debaryomycetaceae","g__Hyphopichia",NA
"382","k__Fungi","p__Basidiomycota","c__Microbotryomycetes","o__Sporidiobolales","f__Sporidiobolaceae","g__Rhodotorula",NA
"383","k__Fungi","p__Ascomycota","c__Sordariomycetes","o__Sordariales","f__Lasiosphaeriaceae","g__Apodospora",NA
"384","k__Fungi","p__Ascomycota","c__Dothideomycetes","o__Pleosporales","f__Pleosporaceae","g__Pyrenophora","s__poae"
"385","k__Fungi","p__Basidiomycota","c__Microbotryomycetes","o__Leucosporidiales","f__Leucosporidiaceae","g__Leucosporidium","s__intermedium"
"386","k__Fungi","p__Ascomycota","c__Dothideomycetes","o__Pleosporales","f__Phaeosphaeriaceae","g__Juncaceicola",NA
"387","k__Fungi","p__Basidiomycota","c__Malasseziomycetes","o__Malasseziales","f__Malasseziaceae","g__Malassezia","s__restricta"
"388","k__Fungi","p__Ascomycota","c__Leotiomycetes","o__Helotiales","f__Dermateaceae","g__Calloria",NA
"389","k__Fungi","p__Basidiomycota","c__Tremellomycetes","o__Tremellales","f__Bulleribasidiaceae","g__Vishniacozyma","s__victoriae"
"390","k__Fungi","p__Ascomycota","c__Sordariomycetes","o__Hypocreales","f__Nectriaceae","g__Fusarium",NA
"391","k__Fungi","p__Basidiomycota","c__Classiculomycetes","o__Classiculales","f__Classiculales_fam_Incertae_sedis","g__Classiculales_gen_Incertae_sedis",NA
"392","k__Fungi","p__Basidiomycota","c__Tremellomycetes","o__Tremellales","f__Bulleribasidiaceae","g__Vishniacozyma","s__victoriae"
"393","k__Fungi","p__Basidiomycota","c__Agaricomycetes","o__Agaricales","f__Psathyrellaceae","g__Lacrymaria","s__glareosa"
"394","k__Fungi","p__Basidiomycota","c__Tremellomycetes","o__Tremellales","f__Phaeotremellaceae","g__Gelidatrema",NA
"395","k__Fungi","p__Basidiomycota",NA,NA,NA,NA,NA
"396","k__Fungi","p__Ascomycota","c__Leotiomycetes","o__Helotiales","f__Helotiaceae","g__Tetracladium","s__marchalianum"
"397","k__Fungi","p__Basidiomycota","c__Tremellomycetes","o__Tremellales","f__Bulleribasidiaceae","g__Vishniacozyma","s__victoriae"
"398","k__Fungi","p__Basidiomycota","c__Tremellomycetes","o__Tremellales","f__Bulleribasidiaceae","g__Dioszegia","s__crocea"
"399","k__Fungi","p__Ascomycota","c__Leotiomycetes","o__Helotiales","f__Rutstroemiaceae","g__Rutstroemia",NA
"400","k__Fungi","p__Ascomycota",NA,NA,NA,NA,NA
"401","k__Fungi","p__Basidiomycota","c__Tremellomycetes","o__Tremellales","f__Bulleribasidiaceae","g__Dioszegia","s__patagonica"
"402","k__Fungi","p__Basidiomycota","c__Tremellomycetes","o__Tremellales","f__Bulleribasidiaceae","g__Vishniacozyma","s__heimaeyensis"
"403","k__Fungi",NA,NA,NA,NA,NA,NA
"404","k__Fungi","p__Basidiomycota","c__Microbotryomycetes","o__Microbotryomycetes_ord_Incertae_sedis","f__Chrysozymaceae",NA,NA
"405","k__Fungi","p__Ascomycota","c__Sordariomycetes","o__Hypocreales","f__Nectriaceae","g__Fusarium",NA
"406","k__Fungi","p__Basidiomycota","c__Tremellomycetes","o__Tremellales","f__Bulleribasidiaceae","g__Vishniacozyma","s__victoriae"
"407","k__Fungi","p__Ascomycota","c__Sordariomycetes",NA,NA,NA,NA
"408","k__Fungi","p__Basidiomycota","c__Tremellomycetes","o__Tremellales","f__Cryptococcaceae","g__Cryptococcus","s__festucosus"
"409","k__Fungi",NA,NA,NA,NA,NA,NA
"410","k__Fungi","p__Aphelidiomycota","c__Aphelidiomycetes","o__Aphelidiales","f__Aphelidiales_fam_Incertae_sedis","g__Amoeboaphelidium",NA
"411","k__Fungi","p__Ascomycota","c__Sordariomycetes","o__Hypocreales","f__Nectriaceae","g__Fusarium","s__variasi"
"412","k__Fungi","p__Ascomycota","c__Dothideomycetes","o__Pleosporales","f__Sporormiaceae","g__Preussia","s__persica"
"413","k__Fungi","p__Ascomycota","c__Sordariomycetes","o__Sordariales","f__Naviculisporaceae","g__Pseudorhypophila","s__marina"
"414","k__Fungi","p__Ascomycota","c__Dothideomycetes","o__Pleosporales","f__Pleosporaceae","g__Alternaria","s__subcucurbitae"
"415","k__Fungi","p__Basidiomycota","c__Tremellomycetes","o__Tremellales","f__Bulleribasidiaceae","g__Vishniacozyma","s__victoriae"
"416","k__Fungi","p__Ascomycota","c__Dothideomycetes","o__Capnodiales","f__Cladosporiaceae","g__Cladosporium",NA
"417","k__Fungi","p__Basidiomycota","c__Tremellomycetes","o__Tremellales","f__Bulleribasidiaceae","g__Dioszegia","s__patagonica"
"418","k__Fungi","p__Basidiomycota","c__Tremellomycetes","o__Tremellales","f__Bulleribasidiaceae","g__Vishniacozyma","s__heimaeyensis"
"419","k__Fungi","p__Basidiomycota","c__Tremellomycetes","o__Tremellales","f__Bulleribasidiaceae","g__Vishniacozyma","s__heimaeyensis"
"420","k__Fungi","p__Ascomycota","c__Dothideomycetes","o__Pleosporales","f__Sporormiaceae","g__Preussia",NA
"421","k__Fungi","p__Basidiomycota","c__Tremellomycetes","o__Filobasidiales","f__Filobasidiaceae","g__Naganishia","s__diffluens"
"422","k__Fungi","p__Ascomycota","c__Sordariomycetes","o__Hypocreales","f__Nectriaceae","g__Neonectria","s__major"
"423","k__Fungi","p__Ascomycota","c__Dothideomycetes","o__Pleosporales","f__Phaeosphaeriaceae","g__Paraphoma","s__ledniceana"
"424","k__Fungi","p__Ascomycota",NA,NA,NA,NA,NA
"425","k__Fungi","p__Ascomycota","c__Leotiomycetes","o__Helotiales","f__Hyaloscyphaceae","g__Hamatocanthoscypha","s__podocarpi"
"426","k__Fungi","p__Basidiomycota","c__Tremellomycetes","o__Filobasidiales","f__Piskurozymaceae","g__Piskurozyma",NA
"427","k__Fungi","p__Basidiomycota","c__Tremellomycetes","o__Tremellales","f__Bulleribasidiaceae","g__Vishniacozyma","s__victoriae"
"428","k__Fungi","p__Basidiomycota","c__Tremellomycetes","o__Tremellales","f__Rhynchogastremataceae",NA,NA
"429","k__Fungi","p__Ascomycota","c__Sordariomycetes","o__Glomerellales","f__Plectosphaerellaceae","g__Paragibellulopsis","s__chrysanthemi"
"430","k__Fungi","p__Ascomycota","c__Sordariomycetes","o__Hypocreales","f__Nectriaceae","g__Neonectria","s__major"
"431","k__Fungi","p__Basidiomycota","c__Tremellomycetes","o__Tremellales","f__Bulleribasidiaceae","g__Vishniacozyma","s__victoriae"
"432","k__Fungi","p__Basidiomycota","c__Tremellomycetes","o__Tremellales","f__Bulleribasidiaceae","g__Vishniacozyma","s__victoriae"
"433","k__Fungi","p__Basidiomycota","c__Tremellomycetes","o__Tremellales","f__Bulleribasidiaceae","g__Vishniacozyma","s__victoriae"
"434","k__Fungi",NA,NA,NA,NA,NA,NA
"435","k__Fungi","p__Ascomycota","c__Dothideomycetes","o__Pleosporales","f__Didymellaceae","g__Didymella",NA
"436","k__Fungi","p__Ascomycota","c__Dothideomycetes","o__Capnodiales","f__Cladosporiaceae","g__Cladosporium","s__herbarum"
"437","k__Fungi","p__Ascomycota",NA,NA,NA,NA,NA
"438","k__Fungi","p__Ascomycota","c__Sordariomycetes","o__Hypocreales","f__Nectriaceae","g__Fusarium",NA
"439","k__Fungi","p__Ascomycota","c__Taphrinomycetes","o__Taphrinales","f__Protomycetaceae","g__Protomyces","s__inouyei"
"440","k__Fungi","p__Ascomycota","c__Sordariomycetes",NA,NA,NA,NA
"441","k__Fungi","p__Basidiomycota","c__Tremellomycetes","o__Tremellales","f__Bulleribasidiaceae","g__Vishniacozyma","s__victoriae"
"442","k__Fungi","p__Ascomycota","c__Sordariomycetes","o__Hypocreales","f__Nectriaceae","g__Fusarium",NA
"443","k__Fungi","p__Basidiomycota","c__Tremellomycetes","o__Tremellales","f__Bulleribasidiaceae","g__Vishniacozyma","s__tephrensis"
"444","k__Fungi","p__Ascomycota","c__Sordariomycetes",NA,NA,NA,NA
"445","k__Fungi","p__Ascomycota","c__Taphrinomycetes","o__Taphrinales","f__Protomycetaceae","g__Protomyces","s__inouyei"
"446","k__Fungi","p__Ascomycota","c__Sordariomycetes","o__Sordariales","f__Naviculisporaceae","g__Pseudorhypophila",NA
"447","k__Fungi","p__Basidiomycota","c__Tremellomycetes","o__Tremellales","f__Tremellaceae","g__Tremella","s__endosporogena"
"448","k__Fungi","p__Ascomycota","c__Dothideomycetes","o__Pleosporales","f__Phaeosphaeriaceae","g__Neostagonospora","s__caricis"
"449","k__Fungi","p__Basidiomycota","c__Cystobasidiomycetes","o__Cystobasidiales","f__Cystobasidiaceae","g__Cystobasidium","s__psychroaquaticum"
"450","k__Fungi","p__Basidiomycota","c__Tremellomycetes","o__Filobasidiales","f__Piskurozymaceae","g__Solicoccozyma","s__terrea"
"451","k__Fungi","p__Basidiomycota","c__Tremellomycetes","o__Tremellales","f__Bulleribasidiaceae","g__Dioszegia","s__patagonica"
"452","k__Fungi","p__Basidiomycota",NA,NA,NA,NA,NA
"453","k__Fungi","p__Basidiomycota","c__Cystobasidiomycetes","o__Cystobasidiomycetes_ord_Incertae_sedis","f__Symmetrosporaceae","g__Symmetrospora",NA
"454","k__Fungi","p__Ascomycota","c__Sordariomycetes","o__Lulworthiales","f__Lulworthiaceae","g__Lulwoana","s__uniseptata"
"455","k__Fungi","p__Ascomycota","c__Sordariomycetes","o__Hypocreales","f__Nectriaceae","g__Fusarium",NA
"456","k__Fungi",NA,NA,NA,NA,NA,NA
"457","k__Fungi","p__Basidiomycota","c__Tremellomycetes","o__Tremellales","f__Bulleribasidiaceae","g__Vishniacozyma","s__heimaeyensis"
"458","k__Fungi","p__Basidiomycota","c__Tremellomycetes","o__Tremellales","f__Bulleribasidiaceae","g__Vishniacozyma","s__victoriae"
"459","k__Fungi","p__Ascomycota","c__Dothideomycetes","o__Mycosphaerellales","f__Mycosphaerellaceae","g__Mycocentrospora",NA
"460","k__Fungi","p__Basidiomycota","c__Tremellomycetes","o__Tremellales","f__Bulleribasidiaceae","g__Dioszegia","s__patagonica"
"461","k__Fungi","p__Rozellomycota","c__Rozellomycota_cls_Incertae_sedis","o__Rozellomycota_ord_Incertae_sedis","f__Rozellomycota_fam_Incertae_sedis","g__Rozellomycota_gen_Incertae_sedis",NA
"462","k__Fungi","p__Ascomycota","c__Dothideomycetes","o__Capnodiales","f__Cladosporiaceae","g__Rachicladosporium",NA
"463","k__Fungi","p__Ascomycota","c__Taphrinomycetes","o__Taphrinales","f__Protomycetaceae","g__Protomyces","s__inouyei"
"464","k__Fungi","p__Ascomycota","c__Dothideomycetes","o__Mycosphaerellales","f__Mycosphaerellaceae","g__Ramularia","s__lamii"
"465","k__Fungi","p__Mortierellomycota","c__Mortierellomycetes","o__Mortierellales","f__Mortierellaceae","g__Mortierella",NA
"466","k__Fungi","p__Basidiomycota","c__Agaricomycetes","o__Cantharellales","f__Ceratobasidiaceae","g__Ceratobasidium",NA
"467","k__Fungi","p__Ascomycota","c__Dothideomycetes","o__Pleosporales","f__Didymellaceae","g__Didymella",NA
"468","k__Fungi","p__Basidiomycota","c__Tremellomycetes","o__Tremellales","f__Bulleribasidiaceae","g__Vishniacozyma","s__victoriae"
"469","k__Fungi","p__Ascomycota","c__Dothideomycetes","o__Capnodiales","f__Cladosporiaceae","g__Rachicladosporium",NA
"470","k__Fungi","p__Ascomycota","c__Lecanoromycetes","o__Acarosporales","f__Acarosporaceae","g__Sarcogyne",NA
"471","k__Fungi","p__Ascomycota","c__Dothideomycetes","o__Pleosporales","f__Dictyosporiaceae",NA,NA
"472","k__Fungi","p__Basidiomycota","c__Tremellomycetes","o__Tremellales","f__Bulleribasidiaceae","g__Vishniacozyma","s__victoriae"
"473","k__Fungi","p__Ascomycota","c__Sordariomycetes","o__Hypocreales","f__Nectriaceae","g__Fusarium",NA
"474","k__Fungi","p__Ascomycota","c__Dothideomycetes","o__Pleosporales","f__Pleosporaceae","g__Comoclathris",NA
"475","k__Fungi","p__Basidiomycota","c__Tremellomycetes","o__Tremellales","f__Bulleribasidiaceae","g__Dioszegia","s__patagonica"
"476","k__Fungi","p__Ascomycota","c__Sordariomycetes","o__Sordariales","f__Sordariales_fam_Incertae_sedis","g__Papulaspora","s__byssina"
"477","k__Fungi","p__Ascomycota",NA,NA,NA,NA,NA
"478","k__Fungi","p__Basidiomycota","c__Microbotryomycetes","o__Microbotryomycetes_ord_Incertae_sedis","f__Chrysozymaceae","g__Chrysozymaceae_gen_Incertae_sedis",NA
"479","k__Fungi","p__Basidiomycota","c__Agaricomycetes","o__Cantharellales","f__Ceratobasidiaceae","g__Ceratobasidiaceae_gen_Incertae_sedis",NA
"480","k__Fungi","p__Basidiomycota","c__Tremellomycetes","o__Tremellales","f__Bulleribasidiaceae","g__Dioszegia","s__patagonica"
"481","k__Fungi","p__Basidiomycota","c__Tremellomycetes","o__Tremellales","f__Bulleribasidiaceae","g__Vishniacozyma","s__dimennae"
"482","k__Fungi","p__Ascomycota","c__Dothideomycetes","o__Pleosporales","f__Sporormiaceae","g__Sporormiella","s__intermedia"
"483","k__Fungi","p__Basidiomycota","c__Tremellomycetes","o__Tremellales","f__Bulleribasidiaceae","g__Vishniacozyma","s__victoriae"
"484","k__Fungi","p__Olpidiomycota","c__Olpidiomycetes","o__Olpidiales","f__Olpidiaceae","g__Olpidiaceae_gen_Incertae_sedis",NA
"485","k__Fungi","p__Basidiomycota","c__Tremellomycetes","o__Tremellales","f__Bulleribasidiaceae","g__Vishniacozyma","s__victoriae"
"486","k__Fungi","p__Basidiomycota","c__Tremellomycetes","o__Tremellales","f__Bulleribasidiaceae","g__Vishniacozyma","s__victoriae"
"487","k__Fungi","p__Basidiomycota","c__Microbotryomycetes","o__Kriegeriales","f__Kriegeriaceae","g__Phenoliferia","s__psychrophila"
"488","k__Fungi","p__Basidiomycota","c__Tremellomycetes","o__Tremellales","f__Bulleribasidiaceae","g__Vishniacozyma","s__victoriae"
"489","k__Fungi","p__Ascomycota","c__Sordariomycetes","o__Xylariales",NA,NA,NA
"490","k__Fungi","p__Ascomycota","c__Leotiomycetes","o__Helotiales","f__Helotiaceae","g__Tetracladium","s__marchalianum"
"491","k__Fungi","p__Ascomycota","c__Dothideomycetes","o__Pleosporales","f__Pleomassariaceae","g__Pleomassariaceae_gen_Incertae_sedis",NA
"492","k__Fungi","p__Ascomycota","c__Sordariomycetes","o__Hypocreales","f__Nectriaceae","g__Fusarium",NA
"493","k__Fungi","p__Ascomycota","c__Leotiomycetes","o__Helotiales","f__Tympanidaceae","g__Tympanidaceae_gen_Incertae_sedis",NA
"494","k__Fungi","p__Ascomycota","c__Leotiomycetes","o__Helotiales","f__Dermateaceae","g__Coleophoma",NA
"495","k__Fungi","p__Ascomycota","c__Dothideomycetes","o__Pleosporales","f__Phaeosphaeriaceae",NA,NA
"496","k__Fungi","p__Basidiomycota","c__Agaricomycetes","o__Cantharellales","f__Ceratobasidiaceae",NA,NA
"497","k__Fungi","p__Ascomycota","c__Dothideomycetes","o__Pleosporales","f__Cucurbitariaceae","g__Neocucurbitaria","s__juglandicola"
"498","k__Fungi","p__Basidiomycota","c__Tremellomycetes","o__Filobasidiales","f__Filobasidiaceae","g__Naganishia","s__onofrii"
"499","k__Fungi","p__Ascomycota","c__Dothideomycetes","o__Pleosporales","f__Pleosporaceae","g__Alternaria","s__tenuissima"
"500","k__Fungi","p__Ascomycota","c__Sordariomycetes","o__Hypocreales","f__Nectriaceae","g__Fusarium",NA
"501","k__Fungi","p__Basidiomycota","c__Tremellomycetes","o__Tremellales","f__Bulleribasidiaceae","g__Dioszegia","s__patagonica"
"502","k__Fungi","p__Ascomycota","c__Dothideomycetes","o__Pleosporales","f__Pleosporaceae","g__Stemphylium",NA
"503","k__Fungi","p__Basidiomycota","c__Tremellomycetes","o__Tremellales","f__Bulleribasidiaceae","g__Dioszegia",NA
"504","k__Fungi","p__Basidiomycota","c__Agaricomycetes","o__Cantharellales","f__Ceratobasidiaceae","g__Ceratobasidiaceae_gen_Incertae_sedis",NA
"505","k__Fungi","p__Chytridiomycota","c__Rhizophlyctidomycetes","o__Rhizophlyctidales","f__Sonoraphlyctidaceae","g__Sonoraphlyctis",NA
"506","k__Fungi","p__Basidiomycota","c__Tremellomycetes","o__Tremellales","f__Bulleraceae","g__Genolevuria","s__armeniaca"
"507","k__Fungi","p__Ascomycota","c__Dothideomycetes","o__Pleosporales","f__Phaeosphaeriaceae","g__Phaeosphaeria","s__caricicola"
"508","k__Fungi","p__Basidiomycota","c__Tremellomycetes","o__Tremellales","f__Bulleribasidiaceae","g__Vishniacozyma","s__victoriae"
"509","k__Fungi","p__Basidiomycota","c__Cystobasidiomycetes","o__Sakaguchiales","f__Sakaguchiaceae","g__Sakaguchia","s__dacryoidea"
"510","k__Fungi","p__Basidiomycota","c__Tremellomycetes","o__Tremellales","f__Cryptococcaceae","g__Cryptococcus","s__watticus"
"511","k__Fungi","p__Basidiomycota","c__Cystobasidiomycetes","o__Naohideales","f__Naohideaceae","g__Naohidea","s__sebacea"
"512","k__Fungi","p__Ascomycota","c__Dothideomycetes","o__Pleosporales","f__Phaeosphaeriaceae","g__Phaeosphaeria","s__tofieldiae"
"513","k__Fungi","p__Basidiomycota","c__Agaricomycetes","o__Cantharellales","f__Ceratobasidiaceae","g__Ceratobasidiaceae_gen_Incertae_sedis",NA
"514","k__Fungi","p__Ascomycota",NA,NA,NA,NA,NA
"515","k__Fungi","p__Basidiomycota","c__Tremellomycetes","o__Tremellales","f__Bulleribasidiaceae","g__Dioszegia","s__patagonica"
"516","k__Fungi",NA,NA,NA,NA,NA,NA
"517","k__Fungi","p__Ascomycota","c__Dothideomycetes","o__Mycosphaerellales","f__Mycosphaerellaceae","g__Ramularia",NA
"518","k__Fungi","p__Basidiomycota","c__Tremellomycetes","o__Tremellales","f__Bulleribasidiaceae","g__Vishniacozyma","s__victoriae"
"519","k__Fungi","p__Basidiomycota","c__Cystobasidiomycetes","o__Sakaguchiales","f__Sakaguchiaceae","g__Sakaguchia",NA
"520","k__Fungi","p__Basidiomycota","c__Microbotryomycetes","o__Sporidiobolales","f__Sporidiobolaceae","g__Rhodosporidiobolus","s__colostri"
"521","k__Fungi","p__Ascomycota","c__Sordariomycetes","o__Hypocreales","f__Nectriaceae","g__Fusarium",NA
"522","k__Fungi","p__Ascomycota","c__Dothideomycetes","o__Capnodiales","f__Cladosporiaceae","g__Cladosporium",NA
"523","k__Fungi","p__Basidiomycota","c__Tremellomycetes","o__Cystofilobasidiales","f__Cystofilobasidiaceae","g__Cystofilobasidium","s__macerans"
"524","k__Fungi","p__Basidiomycota","c__Tremellomycetes","o__Tremellales","f__Bulleribasidiaceae","g__Vishniacozyma","s__heimaeyensis"
"525","k__Fungi","p__Basidiomycota","c__Tremellomycetes","o__Tremellales","f__Bulleribasidiaceae","g__Dioszegia","s__patagonica"
"526","k__Fungi","p__Ascomycota","c__Dothideomycetes","o__Pleosporales","f__Melanommataceae","g__Herpotrichia",NA
"527","k__Fungi",NA,NA,NA,NA,NA,NA
"528","k__Fungi","p__Basidiomycota","c__Tremellomycetes","o__Tremellales","f__Bulleribasidiaceae","g__Vishniacozyma","s__victoriae"
"529","k__Fungi","p__Ascomycota","c__Dothideomycetes","o__Pleosporales","f__Didymellaceae","g__Didymella",NA
"530","k__Fungi","p__Aphelidiomycota","c__Aphelidiomycetes","o__Aphelidiomycetes_ord_Incertae_sedis","f__Aphelidiomycetes_fam_Incertae_sedis","g__Aphelidiomycetes_gen_Incertae_sedis",NA
"531","k__Fungi","p__Ascomycota","c__Dothideomycetes","o__Pleosporales","f__Phaeosphaeriaceae","g__Neostagonospora","s__caricis"
"532","k__Fungi","p__Ascomycota","c__Sordariomycetes","o__Xylariales","f__Bartaliniaceae","g__Truncatella","s__angustata"
"533","k__Fungi","p__Ascomycota","c__Orbiliomycetes","o__Orbiliales","f__Orbiliaceae","g__Dactylaria","s__dimorphospora"
"534","k__Fungi","p__Basidiomycota","c__Microbotryomycetes","o__Kriegeriales","f__Kriegeriaceae","g__Phenoliferia","s__psychrophila"
"535","k__Fungi","p__Basidiomycota","c__Tremellomycetes","o__Tremellales","f__Bulleribasidiaceae","g__Vishniacozyma","s__victoriae"
"536","k__Fungi","p__Basidiomycota","c__Tremellomycetes","o__Tremellales","f__Cryptococcaceae","g__Kwoniella",NA
"537","k__Fungi","p__Basidiomycota","c__Tremellomycetes","o__Filobasidiales","f__Filobasidiaceae","g__Filobasidium","s__chernovii"
"538","k__Fungi","p__Ascomycota","c__Dothideomycetes","o__Capnodiales","f__Cladosporiaceae","g__Cladosporium",NA
"539","k__Fungi","p__Ascomycota","c__Dothideomycetes","o__Pleosporales","f__Phaeosphaeriaceae","g__Phaeosphaeria","s__tofieldiae"
"540","k__Fungi","p__Basidiomycota","c__Tremellomycetes","o__Cystofilobasidiales","f__Mrakiaceae","g__Phaffia",NA
"541","k__Fungi","p__Ascomycota","c__Sordariomycetes","o__Sordariales",NA,NA,NA
"542","k__Fungi","p__Basidiomycota","c__Tremellomycetes","o__Tremellales","f__Bulleribasidiaceae","g__Vishniacozyma","s__victoriae"
"543","k__Fungi","p__Basidiomycota","c__Exobasidiomycetes","o__Entylomatales","f__Entylomataceae","g__Entyloma","s__eschscholziae"
"544","k__Fungi","p__Ascomycota","c__Dothideomycetes","o__Pleosporales","f__Didymellaceae","g__Didymella",NA
"545","k__Fungi","p__Chytridiomycota",NA,NA,NA,NA,NA
"546","k__Fungi","p__Basidiomycota","c__Tremellomycetes","o__Filobasidiales","f__Piskurozymaceae","g__Solicoccozyma","s__keelungensis"
"547","k__Fungi","p__Basidiomycota","c__Tremellomycetes","o__Filobasidiales","f__Piskurozymaceae","g__Piskurozyma",NA
"548","k__Fungi","p__Basidiomycota",NA,NA,NA,NA,NA
"549","k__Fungi","p__Basidiomycota","c__Tremellomycetes","o__Tremellales","f__Bulleribasidiaceae","g__Vishniacozyma","s__victoriae"
"550","k__Fungi",NA,NA,NA,NA,NA,NA
"551","k__Fungi","p__Basidiomycota","c__Tremellomycetes","o__Tremellales","f__Bulleribasidiaceae","g__Vishniacozyma","s__heimaeyensis"
"552","k__Fungi","p__Chytridiomycota",NA,NA,NA,NA,NA
"553","k__Fungi","p__Basidiomycota","c__Tremellomycetes","o__Filobasidiales","f__Filobasidiaceae","g__Naganishia","s__albida"
"554","k__Fungi","p__Ascomycota","c__Sordariomycetes",NA,NA,NA,NA
"555","k__Fungi","p__Olpidiomycota","c__Olpidiomycetes","o__Olpidiales","f__Olpidiaceae","g__Olpidium",NA
"556","k__Fungi","p__Basidiomycota","c__Tremellomycetes","o__Cystofilobasidiales","f__Mrakiaceae","g__Mrakia","s__frigida"
"557","k__Fungi","p__Ascomycota","c__Dothideomycetes","o__Pleosporales","f__Phaeosphaeriaceae","g__Phaeosphaeria","s__tofieldiae"
"558","k__Fungi","p__Ascomycota","c__Leotiomycetes","o__Helotiales","f__Ploettnerulaceae",NA,NA
"559","k__Fungi","p__Basidiomycota","c__Tremellomycetes","o__Tremellales","f__Bulleribasidiaceae","g__Vishniacozyma","s__victoriae"
"560","k__Fungi","p__Ascomycota","c__Dothideomycetes","o__Pleosporales","f__Didymellaceae","g__Stagonosporopsis","s__lupini"
"561","k__Fungi","p__Ascomycota","c__Sordariomycetes","o__Hypocreales","f__Nectriaceae","g__Fusarium",NA
"562","k__Fungi","p__Ascomycota","c__Dothideomycetes","o__Capnodiales","f__Cladosporiaceae","g__Cladosporium","s__herbarum"
"563","k__Fungi","p__Ascomycota","c__Sordariomycetes","o__Hypocreales","f__Nectriaceae","g__Fusarium","s__keratoplasticum"
"564","k__Fungi","p__Ascomycota","c__Dothideomycetes","o__Pleosporales","f__Pleosporaceae","g__Alternaria",NA
"565","k__Fungi","p__Chytridiomycota","c__Rhizophydiomycetes","o__Rhizophydiales","f__Rhizophydiales_fam_Incertae_sedis","g__Coralloidiomyces",NA
"566","k__Fungi","p__Basidiomycota","c__Microbotryomycetes","o__Microbotryomycetes_ord_Incertae_sedis","f__Chrysozymaceae","g__Sampaiozyma","s__vanillica"
"567","k__Fungi","p__Basidiomycota","c__Malasseziomycetes","o__Malasseziales","f__Malasseziaceae","g__Malasseziaceae_gen_Incertae_sedis",NA
"568","k__Fungi","p__Basidiomycota","c__Tremellomycetes","o__Filobasidiales","f__Filobasidiaceae","g__Filobasidium",NA
"569","k__Fungi","p__Ascomycota","c__Sordariomycetes","o__Xylariales","f__Sporocadaceae",NA,NA
"570","k__Fungi","p__Ascomycota","c__Dothideomycetes","o__Pleosporales","f__Phaeosphaeriaceae",NA,NA
"571","k__Fungi","p__Basidiomycota","c__Tremellomycetes","o__Tremellales","f__Bulleribasidiaceae","g__Vishniacozyma","s__heimaeyensis"
"572","k__Fungi","p__Ascomycota","c__Dothideomycetes","o__Pleosporales","f__Sporormiaceae","g__Preussia","s__procaviae"
"573","k__Fungi","p__Ascomycota","c__Dothideomycetes","o__Pleosporales","f__Phaeosphaeriaceae","g__Phaeosphaeria","s__tofieldiae"
"574","k__Fungi",NA,NA,NA,NA,NA,NA
"575","k__Fungi","p__Ascomycota","c__Sordariomycetes","o__Hypocreales","f__Hypocreales_fam_Incertae_sedis","g__Acremonium","s__alternatum"
"576","k__Fungi","p__Basidiomycota","c__Tremellomycetes","o__Tremellales","f__Bulleribasidiaceae","g__Vishniacozyma","s__victoriae"
"577","k__Fungi","p__Ascomycota","c__Dothideomycetes","o__Pleosporales","f__Pleosporaceae","g__Alternaria","s__multirostrata"
"578","k__Fungi","p__Basidiomycota","c__Tremellomycetes","o__Tremellales","f__Bulleribasidiaceae","g__Vishniacozyma","s__victoriae"
"579","k__Fungi","p__Ascomycota","c__Dothideomycetes","o__Capnodiales","f__Cladosporiaceae","g__Cladosporium",NA
"580","k__Fungi","p__Basidiomycota","c__Tremellomycetes","o__Tremellales","f__Bulleribasidiaceae","g__Vishniacozyma","s__victoriae"
"581","k__Fungi","p__Ascomycota","c__Dothideomycetes","o__Pleosporales","f__Pleosporaceae","g__Pyrenophora","s__seminiperda"
"582","k__Fungi","p__Ascomycota","c__Dothideomycetes","o__Pleosporales","f__Phaeosphaeriaceae","g__Paraphoma","s__ledniceana"
"583","k__Fungi","p__Ascomycota","c__Leotiomycetes","o__Helotiales","f__Sclerotiniaceae","g__Clarireedia","s__bennettii"
"584","k__Fungi","p__Olpidiomycota","c__Olpidiomycetes","o__Olpidiales","f__Olpidiaceae","g__Olpidiaceae_gen_Incertae_sedis",NA
"585","k__Fungi","p__Basidiomycota","c__Tremellomycetes","o__Filobasidiales","f__Filobasidiaceae","g__Filobasidium","s__chernovii"
"586","k__Fungi","p__Ascomycota","c__Dothideomycetes","o__Pleosporales","f__Pleosporaceae","g__Comoclathris","s__rosae"
"587","k__Fungi","p__Basidiomycota","c__Tremellomycetes","o__Cystofilobasidiales","f__Mrakiaceae","g__Mrakia","s__frigida"
"588","k__Fungi","p__Ascomycota","c__Dothideomycetes","o__Pleosporales","f__Pleosporaceae","g__Alternaria",NA
"589","k__Fungi","p__Basidiomycota","c__Tremellomycetes","o__Tremellales","f__Bulleribasidiaceae","g__Vishniacozyma","s__victoriae"
"590","k__Fungi","p__Ascomycota","c__Dothideomycetes","o__Pleosporales","f__Pleosporaceae","g__Alternaria","s__tenuissima"
"591","k__Fungi","p__Ascomycota","c__Sordariomycetes","o__Xylariales","f__Lopadostomataceae","g__Lopadostoma","s__quercicola"
"592","k__Fungi","p__Chytridiomycota","c__Rhizophydiomycetes","o__Rhizophydiales","f__Rhizophydiales_fam_Incertae_sedis","g__Rhizophydiales_gen_Incertae_sedis",NA
"593","k__Fungi","p__Basidiomycota","c__Tremellomycetes","o__Tremellales","f__Bulleribasidiaceae","g__Dioszegia","s__patagonica"
"594","k__Fungi","p__Ascomycota","c__Dothideomycetes","o__Dothideomycetes_ord_Incertae_sedis","f__Seuratiaceae","g__Atichia","s__glomerulosa"
"595","k__Fungi","p__Ascomycota","c__Sordariomycetes","o__Hypocreales","f__Nectriaceae","g__Fusarium",NA
"596","k__Fungi","p__Ascomycota","c__Dothideomycetes","o__Pleosporales","f__Pleosporaceae","g__Stemphylium","s__callistephi"
"597","k__Fungi","p__Ascomycota","c__Dothideomycetes","o__Pleosporales","f__Didymellaceae","g__Calophoma","s__vincetoxici"
"598","k__Fungi","p__Basidiomycota","c__Tremellomycetes","o__Tremellales","f__Bulleribasidiaceae","g__Vishniacozyma","s__victoriae"
"599","k__Fungi","p__Basidiomycota","c__Tremellomycetes","o__Tremellales","f__Bulleribasidiaceae","g__Vishniacozyma","s__victoriae"
"600","k__Fungi","p__Basidiomycota","c__Microbotryomycetes","o__Microbotryales","f__Ustilentylomataceae","g__Microbotryozyma",NA
"601","k__Fungi","p__Basidiomycota","c__Agaricostilbomycetes","o__Agaricostilbales","f__Kondoaceae","g__Kondoa",NA
"602","k__Fungi","p__Basidiomycota","c__Tremellomycetes","o__Tremellales","f__Bulleribasidiaceae","g__Vishniacozyma","s__victoriae"
"603","k__Fungi","p__Ascomycota","c__Leotiomycetes","o__Helotiales","f__Helotiaceae","g__Pseudoclathrosphaerina",NA
"604","k__Fungi","p__Basidiomycota","c__Cystobasidiomycetes","o__Cystobasidiales","f__Cystobasidiaceae","g__Cystobasidium","s__pinicola"
"605","k__Fungi","p__Chytridiomycota","c__Spizellomycetes","o__Spizellomycetales","f__Spizellomycetales_fam_Incertae_sedis","g__Spizellomycetales_gen_Incertae_sedis",NA
"606","k__Fungi","p__Basidiomycota","c__Exobasidiomycetes","o__Entylomatales","f__Entylomataceae","g__Entyloma","s__diastateae"
"607","k__Fungi","p__Ascomycota","c__Dothideomycetes","o__Pleosporales","f__Phaeosphaeriaceae","g__Phaeosphaeria",NA
"608","k__Fungi","p__Ascomycota","c__Sordariomycetes","o__Xylariales","f__Graphostromataceae","g__Biscogniauxia","s__mediterranea"
"609","k__Fungi","p__Ascomycota","c__Dothideomycetes","o__Pleosporales","f__Pleosporaceae","g__Alternaria",NA
"610","k__Fungi","p__Ascomycota","c__Dothideomycetes","o__Pleosporales","f__Phaeosphaeriaceae","g__Sclerostagonospora","s__pinguis"
"611","k__Fungi","p__Ascomycota","c__Taphrinomycetes","o__Taphrinales","f__Protomycetaceae","g__Protomyces","s__inouyei"
"612","k__Fungi","p__Basidiomycota","c__Tremellomycetes","o__Tremellales","f__Phaeotremellaceae","g__Gelidatrema",NA
"613","k__Fungi","p__Basidiomycota","c__Agaricostilbomycetes","o__Agaricostilbales","f__Kondoaceae","g__Bensingtonia",NA
"614","k__Fungi","p__Chytridiomycota","c__Rhizophlyctidomycetes","o__Rhizophlyctidales","f__Sonoraphlyctidaceae","g__Sonoraphlyctis",NA
"615","k__Fungi","p__Basidiomycota","c__Microbotryomycetes","o__Microbotryomycetes_ord_Incertae_sedis","f__Chrysozymaceae","g__Udeniozyma",NA
"616","k__Fungi","p__Basidiomycota","c__Agaricomycetes","o__Polyporales","f__Ganodermataceae","g__Cryptoporus","s__volvatus"
"617","k__Fungi","p__Basidiomycota","c__Tremellomycetes","o__Tremellales","f__Rhynchogastremataceae","g__Papiliotrema","s__laurentii"
"618","k__Fungi",NA,NA,NA,NA,NA,NA
"619","k__Fungi","p__Ascomycota","c__Taphrinomycetes","o__Taphrinales","f__Protomycetaceae","g__Protomyces","s__inouyei"
"620","k__Fungi","p__Ascomycota","c__Sordariomycetes","o__Xylariales",NA,NA,NA
"621","k__Fungi","p__Ascomycota","c__Dothideomycetes","o__Pleosporales","f__Phaeosphaeriaceae","g__Phaeosphaeria","s__tofieldiae"
"622","k__Fungi","p__Ascomycota","c__Leotiomycetes","o__Helotiales","f__Dermateaceae","g__Coleophoma",NA
"623","k__Fungi","p__Ascomycota","c__Dothideomycetes","o__Pleosporales","f__Pleomassariaceae","g__Pleomassariaceae_gen_Incertae_sedis",NA
"624","k__Fungi","p__Basidiomycota","c__Agaricomycetes","o__Cantharellales","f__Ceratobasidiaceae","g__Ceratobasidium",NA
"625","k__Fungi","p__Ascomycota","c__Dothideomycetes","o__Pleosporales","f__Didymellaceae","g__Didymella",NA
"626","k__Fungi","p__Ascomycota","c__Leotiomycetes","o__Helotiales",NA,NA,NA
"627","k__Fungi",NA,NA,NA,NA,NA,NA
"628","k__Fungi",NA,NA,NA,NA,NA,NA
"629","k__Fungi","p__Basidiomycota","c__Cystobasidiomycetes","o__Cystobasidiales","f__Cystobasidiaceae","g__Occultifur",NA
"630","k__Fungi","p__Ascomycota","c__Leotiomycetes",NA,NA,NA,NA
"631","k__Fungi","p__Basidiomycota","c__Tremellomycetes","o__Tremellales","f__Cuniculitremaceae",NA,NA
"632","k__Fungi","p__Basidiomycota",NA,NA,NA,NA,NA
"633","k__Fungi","p__Basidiomycota","c__Cystobasidiomycetes","o__Naohideales","f__Naohideaceae","g__Naohidea","s__sebacea"
"634","k__Fungi",NA,NA,NA,NA,NA,NA
"635","k__Fungi","p__Olpidiomycota","c__GS18","o__GS18_ord_Incertae_sedis","f__GS18_ord_Incertae_sedis_fam_Incertae_sedis","g__GS18_ord_Incertae_sedis_gen_Incertae_sedis",NA
"636","k__Fungi","p__Basidiomycota","c__Agaricomycetes","o__Agaricales","f__Strophariaceae","g__Deconica",NA
"637","k__Fungi","p__Ascomycota","c__Leotiomycetes","o__Helotiales",NA,NA,NA
"638","k__Fungi","p__Ascomycota","c__Taphrinomycetes","o__Taphrinales","f__Protomycetaceae","g__Protomyces","s__inouyei"
"639","k__Fungi","p__Basidiomycota","c__Tremellomycetes","o__Cystofilobasidiales","f__Mrakiaceae","g__Tausonia","s__pamirica"
"640","k__Fungi","p__Basidiomycota","c__Agaricomycetes","o__Agaricales","f__Entolomataceae","g__Clitopilus","s__baronii"
"641","k__Fungi","p__Basidiomycota","c__Cystobasidiomycetes","o__Sakaguchiales","f__Sakaguchiaceae","g__Sakaguchia","s__dacryoidea"
"642","k__Fungi","p__Basidiomycota","c__Tremellomycetes","o__Filobasidiales","f__Filobasidiaceae","g__Naganishia",NA
"643","k__Fungi","p__Ascomycota","c__Dothideomycetes","o__Mycosphaerellales","f__Mycosphaerellaceae","g__Septoria","s__glycinicola"
"644","k__Fungi","p__Ascomycota","c__Saccharomycetes","o__Saccharomycetales","f__Saccharomycetales_fam_Incertae_sedis","g__Candida","s__parapsilosis"
"645","k__Fungi",NA,NA,NA,NA,NA,NA
"646","k__Fungi","p__Ascomycota","c__Leotiomycetes","o__Helotiales","f__Hyaloscyphaceae",NA,NA
"647","k__Fungi","p__Basidiomycota","c__Tremellomycetes","o__Tremellales","f__Bulleribasidiaceae","g__Vishniacozyma","s__dimennae"
"648","k__Fungi","p__Ascomycota","c__Dothideomycetes","o__Mycosphaerellales","f__Mycosphaerellaceae","g__Ramularia",NA
"649","k__Fungi","p__Ascomycota","c__Dothideomycetes","o__Dothideales","f__Dothioraceae","g__Hormonema","s__viticola"
"650","k__Fungi","p__Ascomycota","c__Dothideomycetes","o__Pleosporales","f__Phaeosphaeriaceae","g__Phaeosphaeria","s__tofieldiae"
"651","k__Fungi","p__Basidiomycota","c__Agaricostilbomycetes","o__Agaricostilbales","f__Agaricostilbaceae","g__Pseudobensingtonia","s__musae"
"652","k__Fungi","p__Ascomycota","c__Dothideomycetes","o__Pleosporales","f__Phaeosphaeriaceae","g__Septoriella",NA
"653","k__Fungi","p__Ascomycota","c__Dothideomycetes","o__Pleosporales","f__Phaeosphaeriaceae","g__Paraphoma","s__radicina"
"654","k__Fungi","p__Olpidiomycota","c__Olpidiomycetes","o__Olpidiales","f__Olpidiaceae","g__Olpidiaster","s__brassicae"
"655","k__Fungi","p__Ascomycota","c__Leotiomycetes","o__Helotiales","f__Helotiaceae","g__Hymenoscyphus","s__tetracladius"
"656","k__Fungi","p__Chytridiomycota","c__Chytridiomycota_cls_Incertae_sedis","o__Chytridiomycota_ord_Incertae_sedis","f__Chytridiomycota_fam_Incertae_sedis","g__Chytridiomycota_gen_Incertae_sedis",NA
"657","k__Fungi","p__Aphelidiomycota","c__Aphelidiomycetes","o__Aphelidiomycetes_ord_Incertae_sedis","f__Aphelidiomycetes_fam_Incertae_sedis","g__Aphelidiomycetes_gen_Incertae_sedis",NA
"658","k__Fungi","p__Ascomycota","c__Dothideomycetes","o__Pleosporales","f__Pleosporaceae","g__Curvularia","s__gladioli"
"659","k__Fungi",NA,NA,NA,NA,NA,NA
"660","k__Fungi","p__Ascomycota","c__Sordariomycetes","o__Xylariales","f__Sporocadaceae","g__Heterotruncatella",NA
"661","k__Fungi","p__Basidiomycota","c__Agaricomycetes","o__Sebacinales","f__Serendipitaceae","g__Serendipita","s__herbamans"
"662","k__Fungi",NA,NA,NA,NA,NA,NA
"663","k__Fungi","p__Ascomycota","c__Dothideomycetes","o__Pleosporales","f__Amorosiaceae","g__Amorocoelophoma","s__cassiae"
"664","k__Fungi","p__Ascomycota","c__Leotiomycetes","o__Helotiales","f__Helotiaceae","g__Hymenoscyphus","s__tetracladius"
"665","k__Fungi",NA,NA,NA,NA,NA,NA
"666","k__Fungi","p__Basidiomycota","c__Tremellomycetes","o__Tremellales","f__Bulleribasidiaceae","g__Vishniacozyma","s__victoriae"
"667","k__Fungi","p__Basidiomycota","c__Agaricomycetes","o__Boletales","f__Serpulaceae","g__Serpula","s__lacrymans"
"668","k__Fungi","p__Ascomycota","c__Leotiomycetes","o__Helotiales","f__Helotiaceae","g__Helotium",NA
"669","k__Fungi","p__Basidiomycota","c__Agaricomycetes","o__Russulales","f__Stereaceae","g__Stereum","s__complicatum"
"670","k__Fungi",NA,NA,NA,NA,NA,NA
"671","k__Fungi","p__Ascomycota","c__Sordariomycetes","o__Sordariales","f__Sordariales_fam_Incertae_sedis","g__Papulaspora","s__byssina"
"672","k__Fungi","p__Basidiomycota","c__Agaricomycetes","o__Sebacinales","f__Serendipitaceae","g__Serendipita","s__herbamans"
"673","k__Fungi","p__Ascomycota","c__Dothideomycetes","o__Pleosporales","f__Didymellaceae","g__Epicoccum",NA
"674","k__Fungi","p__Basidiomycota","c__Agaricomycetes","o__Polyporales","f__Irpicaceae","g__Ceriporia","s__lacerata"
"675","k__Fungi","p__Ascomycota","c__Dothideomycetes","o__Pleosporales","f__Phaeosphaeriaceae","g__Neostagonospora",NA
"676","k__Fungi","p__Ascomycota","c__Sordariomycetes","o__Sordariales","f__Chaetomiaceae","g__Trichocladium","s__acropullum"
"677","k__Fungi","p__Ascomycota","c__Dothideomycetes","o__Mycosphaerellales","f__Mycosphaerellaceae","g__Septoria","s__glycinicola"
"678","k__Fungi","p__Ascomycota","c__Sordariomycetes","o__Xylariales","f__Apiosporaceae","g__Arthrinium","s__caricicola"
"679","k__Fungi",NA,NA,NA,NA,NA,NA
"680","k__Fungi","p__Ascomycota","c__Pezizomycetes","o__Pezizales","f__Pezizaceae","g__Iodophanus","s__carneus"
"681","k__Fungi","p__Basidiomycota","c__Agaricomycetes","o__Russulales","f__Stereaceae","g__Stereum","s__complicatum"
"682","k__Fungi","p__Basidiomycota","c__Agaricomycetes","o__Sistotremastrales","f__Sistotremastraceae","g__Sistotremastrum",NA
"683","k__Fungi","p__Basidiomycota",NA,NA,NA,NA,NA
"684","k__Fungi","p__Basidiomycota","c__Agaricomycetes","o__Cantharellales","f__Ceratobasidiaceae",NA,NA
"685","k__Fungi","p__Chytridiomycota","c__Rhizophlyctidomycetes","o__Rhizophlyctidales","f__Sonoraphlyctidaceae","g__Sonoraphlyctis",NA
"686","k__Fungi","p__Ascomycota","c__Leotiomycetes","o__Helotiales","f__Dermateaceae","g__Coleophoma",NA
"687","k__Fungi","p__Chytridiomycota","c__Spizellomycetes","o__Spizellomycetales","f__Spizellomycetales_fam_Incertae_sedis","g__Spizellomycetales_gen_Incertae_sedis",NA
"688","k__Fungi","p__Chytridiomycota","c__Rhizophydiomycetes","o__Rhizophydiales","f__Rhizophydiales_fam_Incertae_sedis","g__Coralloidiomyces",NA
"689","k__Fungi","p__Ascomycota","c__Leotiomycetes","o__Helotiales","f__Helotiaceae","g__Articulospora",NA
"690","k__Fungi","p__Chytridiomycota","c__Spizellomycetes","o__Spizellomycetales","f__Spizellomycetales_fam_Incertae_sedis","g__Spizellomycetales_gen_Incertae_sedis",NA
"691","k__Fungi",NA,NA,NA,NA,NA,NA
"692","k__Fungi","p__Ascomycota","c__Dothideomycetes","o__Capnodiales","f__Cladosporiaceae","g__Toxicocladosporium","s__irritans"
"693","k__Fungi","p__Ascomycota","c__Dothideomycetes","o__Pleosporales","f__Amniculicolaceae","g__Murispora","s__cicognanii"
"694","k__Fungi","p__Basidiomycota","c__Geminibasidiomycetes","o__Geminibasidiales","f__Geminibasidiaceae","g__Geminibasidium",NA
"695","k__Fungi","p__Ascomycota","c__Dothideomycetes","o__Pleosporales","f__Sporormiaceae","g__Sporormiella","s__intermedia"
"696","k__Fungi","p__Ascomycota","c__Dothideomycetes","o__Pleosporales","f__Amniculicolaceae","g__Murispora","s__cardui"
"697","k__Fungi","p__Ascomycota","c__Dothideomycetes","o__Pleosporales","f__Pleosporaceae","g__Comoclathris","s__rosae"
"698","k__Fungi","p__Basidiomycota","c__Microbotryomycetes","o__Sporidiobolales","f__Sporidiobolaceae","g__Rhodotorula","s__babjevae"
"699","k__Fungi","p__Mortierellomycota","c__Mortierellomycetes","o__Mortierellales","f__Mortierellaceae",NA,NA
"700","k__Fungi",NA,NA,NA,NA,NA,NA
"701","k__Fungi",NA,NA,NA,NA,NA,NA
"702","k__Fungi",NA,NA,NA,NA,NA,NA
"703","k__Fungi","p__Basidiomycota","c__Tremellomycetes","o__Tremellales","f__Bulleribasidiaceae","g__Vishniacozyma","s__heimaeyensis"
"704","k__Fungi","p__Basidiomycota","c__Cystobasidiomycetes","o__Sakaguchiales","f__Sakaguchiaceae","g__Sakaguchia","s__dacryoidea"
"705","k__Fungi","p__Basidiomycota","c__Tremellomycetes","o__Cystofilobasidiales","f__Mrakiaceae","g__Itersonilia","s__pannonica"
"706","k__Fungi","p__Basidiomycota","c__Tremellomycetes","o__Cystofilobasidiales","f__Cystofilobasidiaceae","g__Cystofilobasidium",NA
"707","k__Fungi","p__Ascomycota","c__Leotiomycetes","o__Helotiales",NA,NA,NA
"708","k__Fungi","p__Ascomycota","c__Dothideomycetes","o__Pleosporales","f__Phaeosphaeriaceae","g__Phaeosphaeria","s__tofieldiae"
"709","k__Fungi","p__Ascomycota","c__Pezizomycetes","o__Pezizales","f__Pezizaceae","g__Peziza","s__subviolacea"
"710","k__Fungi","p__Basidiomycota","c__Agaricomycetes","o__Agaricales","f__Tricholomataceae","g__Myxomphalia","s__maura"
"711","k__Fungi","p__Basidiomycota","c__Agaricomycetes","o__Polyporales","f__Polyporaceae","g__Trametes","s__versicolor"
"712","k__Fungi","p__Basidiomycota","c__Agaricostilbomycetes","o__Agaricostilbales","f__Kondoaceae","g__Bensingtonia",NA
"713","k__Fungi","p__Ascomycota","c__Dothideomycetes","o__Pleosporales","f__Didymellaceae","g__Epicoccum","s__italicum"
"714","k__Fungi","p__Chytridiomycota","c__Chytridiomycota_cls_Incertae_sedis","o__Chytridiomycota_ord_Incertae_sedis","f__Chytridiomycota_fam_Incertae_sedis","g__Chytridiomycota_gen_Incertae_sedis",NA
"715","k__Fungi","p__Ascomycota","c__Dothideomycetes","o__Pleosporales","f__Phaeosphaeriaceae","g__Juncaceicola",NA
"716","k__Fungi","p__Ascomycota","c__Dothideomycetes","o__Pleosporales","f__Phaeosphaeriaceae","g__Phaeosphaeria","s__tofieldiae"
"717","k__Fungi","p__Ascomycota","c__Leotiomycetes","o__Helotiales",NA,NA,NA
"718","k__Fungi",NA,NA,NA,NA,NA,NA
"719","k__Fungi","p__Ascomycota","c__Saccharomycetes","o__Saccharomycetales","f__Debaryomycetaceae","g__Meyerozyma","s__carpophila"
"720","k__Fungi","p__Ascomycota","c__Dothideomycetes","o__Mycosphaerellales","f__Mycosphaerellaceae",NA,NA
"721","k__Fungi","p__Ascomycota",NA,NA,NA,NA,NA
"722","k__Fungi","p__Ascomycota","c__Sordariomycetes","o__Sordariales","f__Naviculisporaceae","g__Pseudorhypophila",NA
"723","k__Fungi",NA,NA,NA,NA,NA,NA
"724","k__Fungi","p__Basidiomycota","c__Tremellomycetes","o__Tremellales","f__Bulleribasidiaceae","g__Vishniacozyma","s__dimennae"
"725","k__Fungi","p__Ascomycota","c__Dothideomycetes","o__Pleosporales","f__Phaeosphaeriaceae","g__Phaeosphaeria","s__tofieldiae"
"726","k__Fungi","p__Basidiomycota","c__Tremellomycetes","o__Tremellales","f__Bulleribasidiaceae","g__Vishniacozyma","s__victoriae"
